State Name,District Name,GENERAL Current Population,GENERAL Covered Population,Minority Current Population,Minority Covered Population,Total Current Population,Total Covered Population,gcg,mcm,tct
ANDHRA PRADESH,ADILABAD(19),1235000.0,1009975.0,831129.0,676873.0,2066129.0,1686848.0,0.8177935222672065,0.8144018557889329,0.8164291774618139
ANDHRA PRADESH,ANANTAPUR(12),2448219.0,2285861.0,567021.0,534506.0,3015240.0,2820367.0,0.9336832203328216,0.9426564448230312,0.9353706504291532
ANDHRA PRADESH,CHITTOOR(10),2459459.0,2240233.0,756482.0,692223.0,3215941.0,2932456.0,0.9108641371943993,0.9150554805005274,0.9118500619258874
ANDHRA PRADESH,EAST GODAVARI(04),3226208.0,2679599.0,1065444.0,883533.0,4291652.0,3563132.0,0.8305723003600511,0.8292627299041526,0.8302471868641725
ANDHRA PRADESH,GUNTUR(07),2624450.0,2217382.0,800232.0,675270.0,3424682.0,2892652.0,0.8448939777858218,0.8438427855921783,0.8446483498321888
ANDHRA PRADESH,KADAPA(11),1653972.0,1349274.0,374159.0,284388.0,2028131.0,1633662.0,0.81577801800756,0.7600725894606304,0.8055012225541645
ANDHRA PRADESH,KARIMNAGAR(20),2262251.0,1917416.0,652318.0,544802.0,2914569.0,2462218.0,0.8475699646060495,0.8351785478861536,0.8447966062906728
ANDHRA PRADESH,KHAMMAM(22),1276664.0,1072466.0,1049386.0,901115.0,2326050.0,1973581.0,0.8400534518087767,0.8587069009878158,0.8484688635239999
ANDHRA PRADESH,KRISHNA(06),2345107.0,2179270.0,744421.0,690948.0,3089528.0,2870218.0,0.929283823723182,0.9281683348535305,0.9290150469586292
ANDHRA PRADESH,KURNOOL(13),2170688.0,1770826.0,542904.0,444929.0,2713592.0,2215755.0,0.8157902010791048,0.8195353137939673,0.8165394797744097
ANDHRA PRADESH,MAHABOOBNAGAR(14),2641911.0,2142178.0,892328.0,704837.0,3534239.0,2847015.0,0.8108441200328096,0.7898855577769609,0.8055524824438868
ANDHRA PRADESH,MEDAK(17),1987816.0,1728604.0,640690.0,553991.0,2628506.0,2282595.0,0.8695996007678779,0.8646787057703413,0.8684001482210807
ANDHRA PRADESH,NALGONDA(23),2359311.0,2088207.0,884325.0,753427.0,3243636.0,2841634.0,0.8850918763995081,0.8519797585729229,0.8760643919354699
ANDHRA PRADESH,NELLORE(09),1550418.0,1353827.0,770214.0,678970.0,2320632.0,2032797.0,0.8732012915226732,0.8815342229562174,0.8759669779611761
ANDHRA PRADESH,NIZAMABAD(18),1654883.0,1443825.0,511319.0,440243.0,2166202.0,1884068.0,0.8724634913767317,0.8609947997238514,0.8697563754442107
ANDHRA PRADESH,PRAKASAM(08),2212451.0,1688945.0,763116.0,579296.0,2975567.0,2268241.0,0.7633818782879259,0.7591191902672726,0.7622886663281317
ANDHRA PRADESH,RANGAREDDY(15),1423146.0,1246359.0,520227.0,443056.0,1943373.0,1689415.0,0.8757773271329856,0.8516589873266862,0.8693210207201603
ANDHRA PRADESH,SRIKAKULAM(01),2034120.0,1705731.0,371093.0,285955.0,2405213.0,1991686.0,0.8385596719957524,0.7705750310569048,0.828070528472946
ANDHRA PRADESH,VISAKHAPATNAM(03),1667583.0,1377687.0,806524.0,531118.0,2474107.0,1908805.0,0.8261579783435068,0.6585272105975768,0.7715127114550826
ANDHRA PRADESH,VIZIANAGARAM(02),1574066.0,1394818.0,425310.0,363618.0,1999376.0,1758436.0,0.8861242158842132,0.854948155463074,0.8794924016293083
ANDHRA PRADESH,WARANGAL(21),1978146.0,1761440.0,1164548.0,953221.0,3142694.0,2714661.0,0.8904499465661281,0.8185330274063414,0.8638006118317596
ANDHRA PRADESH,WEST GODAVARI(05),2580414.0,2359853.0,777606.0,719578.0,3358020.0,3079431.0,0.9145249560729403,0.9253760902050653,0.9170377186556363
ANDMAN and NICOBAR,NICOBARS,16831.0,15350.0,28414.0,21778.0,45245.0,37128.0,0.9120076050145565,0.7664531568944887,0.8205989612111836
ANDMAN and NICOBAR,North and Middle Andaman,106533.0,104238.0,245.0,189.0,106778.0,104427.0,0.9784573794035651,0.7714285714285715,0.9779823559160127
ANDMAN and NICOBAR,SOUTH ANDAMAN,88555.0,84060.0,1386.0,1383.0,89941.0,85443.0,0.949240584947208,0.9978354978354979,0.9499894375201521
ARUNACHAL PRADESH,ANJAW,1513.0,1224.0,19524.0,17192.0,21037.0,18416.0,0.8089887640449438,0.8805572628559721,0.8754099919189998
ARUNACHAL PRADESH,CHANGLANG,73699.0,58140.0,52155.0,40694.0,125854.0,98834.0,0.7888845167505665,0.7802511743840476,0.7853067840513611
ARUNACHAL PRADESH,DIBANG VALLEY,3394.0,2888.0,7241.0,5910.0,10635.0,8798.0,0.8509133765468474,0.816185609722414,0.8272684532204984
ARUNACHAL PRADESH,EAST KAMENG,0.0,0.0,47272.0,33237.0,47272.0,33237.0,,0.703101201556947,0.703101201556947
ARUNACHAL PRADESH,EAST SIANG,11648.0,9490.0,61630.0,45001.0,73278.0,54491.0,0.8147321428571429,0.7301801070907026,0.7436201861404514
ARUNACHAL PRADESH,KURUNG KUMEY,23.0,11.0,46616.0,24149.0,46639.0,24160.0,0.4782608695652174,0.5180410159601854,0.5180213984004803
ARUNACHAL PRADESH,LOHIT,60932.0,52416.0,49395.0,42794.0,110327.0,95210.0,0.8602376419615309,0.8663629922056888,0.8629800502143627
ARUNACHAL PRADESH,LOWER DIBANG VALLEY,21011.0,17721.0,25101.0,18648.0,46112.0,36369.0,0.8434153538622626,0.7429186088203658,0.7887100971547536
ARUNACHAL PRADESH,LOWER SUBANSIRI,976.0,505.0,47065.0,24940.0,48041.0,25445.0,0.5174180327868853,0.5299054499096993,0.5296517557919277
ARUNACHAL PRADESH,PAPUM PARE,725.0,432.0,66921.0,42169.0,67646.0,42601.0,0.5958620689655172,0.6301310500440819,0.6297637702155338
ARUNACHAL PRADESH,TAWANG,0.0,0.0,34215.0,22432.0,34215.0,22432.0,,0.6556188806079205,0.6556188806079205
ARUNACHAL PRADESH,TIRAP,0.0,0.0,95083.0,79610.0,95083.0,79610.0,,0.8372684917387966,0.8372684917387966
ARUNACHAL PRADESH,UPPER SIANG,1557.0,1241.0,35836.0,24279.0,37393.0,25520.0,0.7970456005138086,0.6775030695390111,0.6824806782018025
ARUNACHAL PRADESH,UPPER SUBANSIRI,529.0,529.0,43736.0,26131.0,44265.0,26660.0,1.0,0.5974711907810499,0.602281712413871
ARUNACHAL PRADESH,WEST KAMENG,27547.0,17850.0,47617.0,36151.0,75164.0,54001.0,0.6479834464733002,0.7592036457567676,0.7184423394178064
ARUNACHAL PRADESH,WEST SIANG,1.0,0.0,92678.0,66482.0,92679.0,66482.0,0.0,0.7173439219663782,0.7173361818750742
ASSAM,BAKSHA,585541.0,410547.0,454075.0,325172.0,1039616.0,735719.0,0.701141337668925,0.7161195837692012,0.7076834138758926
ASSAM,BARPETA,1219481.0,1007806.0,120921.0,111280.0,1340402.0,1119086.0,0.8264220598762916,0.9202702590947809,0.8348883394683088
ASSAM,BONGAIGAON,413344.0,370694.0,52577.0,44547.0,465921.0,415241.0,0.8968171789115119,0.8472716206706354,0.8912261949987229
ASSAM,CACHAR,1103048.0,1019541.0,314082.0,279193.0,1417130.0,1298734.0,0.9242943190142224,0.8889175438261345,0.9164536775031225
ASSAM,CHIRANG,342360.0,217950.0,238975.0,167390.0,581335.0,385340.0,0.6366105853487557,0.7004498378491474,0.6628536042041164
ASSAM,DARRANG,743113.0,587090.0,78590.0,59688.0,821703.0,646778.0,0.7900413530647425,0.7594859396869831,0.7871189468700979
ASSAM,DHEMAJI,257137.0,205109.0,344514.0,273335.0,601651.0,478444.0,0.7976642801308252,0.7933930116047534,0.795218490453768
ASSAM,DHUBRI,1513351.0,1089527.0,101311.0,74738.0,1614662.0,1164265.0,0.719943357489439,0.7377086397330991,0.7210580294823313
ASSAM,DIBRUGARH,950989.0,526019.0,129781.0,72192.0,1080770.0,598211.0,0.5531283747761541,0.5562601613487337,0.5535044459043089
ASSAM,GOALPARA,566981.0,404527.0,283021.0,184826.0,850002.0,589353.0,0.7134754074651531,0.6530469470463323,0.6933548391650843
ASSAM,GOLAGHAT,808088.0,569996.0,166405.0,125252.0,974493.0,695248.0,0.7053637722624269,0.752693729154773,0.7134458636439667
ASSAM,HAILAKANDI,478657.0,359355.0,92777.0,69154.0,571434.0,428509.0,0.7507568049772593,0.7453787037735645,0.749883626105552
ASSAM,JORHAT,743171.0,493646.0,197217.0,131952.0,940388.0,625598.0,0.6642428189474563,0.6690701105888438,0.6652551925375483
ASSAM,KAMRUP,1402955.0,880907.0,371468.0,236807.0,1774423.0,1117714.0,0.6278939809188463,0.6374896357155933,0.6299027909354196
ASSAM,KARBI ANGLONG,98336.0,53215.0,710989.0,384627.0,809325.0,437842.0,0.5411548161405793,0.5409746142345381,0.5409965094368764
ASSAM,KARIMGANJ,886564.0,615981.0,205804.0,148998.0,1092368.0,764979.0,0.6947958635811966,0.7239800975685604,0.7002942231921844
ASSAM,KOKRAJHAR,482808.0,353094.0,320243.0,245424.0,803051.0,598518.0,0.731334194959487,0.7663680392701792,0.7453050927027051
ASSAM,LAKHIMPUR,566105.0,523042.0,365006.0,345675.0,931111.0,868717.0,0.9239310728575088,0.9470392267524369,0.9329897294737147
ASSAM,MARIGAON,555578.0,409948.0,276718.0,208603.0,832296.0,618551.0,0.7378765897857726,0.7538468766036182,0.743186318329056
ASSAM,NAGAON,1896421.0,1332204.0,402900.0,271052.0,2299321.0,1603256.0,0.7024832566186516,0.6727525440555969,0.6972736734018434
ASSAM,NALBARI,640209.0,475674.0,68225.0,55802.0,708434.0,531476.0,0.7429979897189823,0.817911322828875,0.750212440396706
ASSAM,NORTH CACHAR HILLS,23664.0,16350.0,119547.0,73552.0,143211.0,89902.0,0.690922920892495,0.615255924448125,0.6277590408558001
ASSAM,SIBSAGAR,1015529.0,576158.0,87141.0,59572.0,1102670.0,635730.0,0.5673476582155704,0.6836276838686726,0.5765369512184062
ASSAM,SONITPUR,1442526.0,862773.0,283833.0,165082.0,1726359.0,1027855.0,0.5980987517729317,0.5816166548639516,0.5953889081008064
ASSAM,TINSUKIA,815259.0,482517.0,230781.0,155959.0,1046040.0,638476.0,0.5918573116028157,0.6757878681520576,0.6103743642690528
ASSAM,UDALGURI,536556.0,380193.0,306652.0,220243.0,843208.0,600436.0,0.7085802786661597,0.7182180452108579,0.7120852743332606
BIHAR,ARARIA,2198181.0,2145490.0,363407.0,360538.0,2561588.0,2506028.0,0.976029726396507,0.9921052703993044,0.9783103293738104
BIHAR,ARWAL,563139.0,529807.0,147832.0,144989.0,710971.0,674796.0,0.9408103505528831,0.9807687104280535,0.9491188810795377
BIHAR,AURANGABAD,1713105.0,1612234.0,549571.0,542507.0,2262676.0,2154741.0,0.9411180283753768,0.9871463377798319,0.9522976334216653
BIHAR,BANKA,1543174.0,1334434.0,318806.0,313445.0,1861980.0,1647879.0,0.8647333353205795,0.9831841307880027,0.8850143395740019
BIHAR,BEGUSARAI,2618456.0,2568608.0,466079.0,457752.0,3084535.0,3026360.0,0.9809628269484001,0.982133930084814,0.9811397828197768
BIHAR,BHAGALPUR,2028012.0,2020419.0,328040.0,326621.0,2356052.0,2347040.0,0.9962559393139686,0.9956743080112181,0.9961749570892323
BIHAR,BHOJPUR(AARA),1853023.0,1705076.0,373859.0,346097.0,2226882.0,2051173.0,0.9201591129737732,0.9257420578346381,0.9210964029526486
BIHAR,BUXAR,1293860.0,1280312.0,248319.0,248199.0,1542179.0,1528511.0,0.9895290062294221,0.9995167506312445,0.9911372155891113
BIHAR,DARBHANGA,3182207.0,3029767.0,601305.0,590056.0,3783512.0,3619823.0,0.9520961395660308,0.9812923557928173,0.9567362281393583
BIHAR,GAYA,2711252.0,2552951.0,1295783.0,1273340.0,4007035.0,3826291.0,0.9416133210782325,0.982679970334539,0.9548933313534821
BIHAR,GOPALGANJ,1889648.0,1757291.0,259373.0,256305.0,2149021.0,2013596.0,0.9299567961863797,0.9881714750571571,0.9369829331588663
BIHAR,JAMUI,1198518.0,1136172.0,352358.0,338617.0,1550876.0,1474789.0,0.947980756233949,0.9610027301778306,0.9509393400890851
BIHAR,JEHANABAD,792041.0,726090.0,189293.0,178910.0,981334.0,905000.0,0.9167328459006542,0.9451485263586081,0.9222140474089352
BIHAR,KAIMUR (BHABUA),1132740.0,1097031.0,377233.0,371583.0,1509973.0,1468614.0,0.9684755548493035,0.9850225192387728,0.972609444009926
BIHAR,KATIHAR,2157185.0,2113824.0,408506.0,403686.0,2565691.0,2517510.0,0.9798992668686274,0.9882009076978061,0.9812210433758392
BIHAR,KHAGARIA,1123275.0,1119930.0,222401.0,221803.0,1345676.0,1341733.0,0.997022100554183,0.9973111631692304,0.9970698741747642
BIHAR,KISHANGANJ,1154574.0,1153112.0,137296.0,137162.0,1291870.0,1290274.0,0.9987337320951277,0.999024006526046,0.9987645815755455
BIHAR,LAKHISARAI,636669.0,575282.0,131407.0,121389.0,768076.0,696671.0,0.9035809816403815,0.9237635742388153,0.9070339393497518
BIHAR,MADHEPURA,1725661.0,1694431.0,381295.0,379962.0,2106956.0,2074393.0,0.9819025868927906,0.996504019197734,0.9845450023635994
BIHAR,MADHUBANI,3632611.0,3458211.0,570141.0,541970.0,4202752.0,4000181.0,0.95199045535016,0.9505894156007023,0.9518003917433149
BIHAR,MUNGER,807064.0,801107.0,151263.0,150351.0,958327.0,951458.0,0.9926189248931931,0.9939707661490252,0.9928323004569422
BIHAR,MUZAFFARPUR,2998675.0,2933076.0,580078.0,573491.0,3578753.0,3506567.0,0.9781240047687729,0.9886446305496847,0.9798292869052433
BIHAR,NALANDA,1870879.0,1716370.0,502741.0,440857.0,2373620.0,2157227.0,0.9174136862939827,0.8769067969391794,0.9088341857584618
BIHAR,NAWADA,1493821.0,1452203.0,503529.0,487475.0,1997350.0,1939678.0,0.9721399016348009,0.9681170300022441,0.9711257416076301
BIHAR,PASHCHIM CHAMPARAN,2856228.0,2755513.0,545244.0,532718.0,3401472.0,3288231.0,0.9647384592546533,0.9770267990110849,0.9667082369044931
BIHAR,PATNA,2732336.0,2550405.0,643327.0,607233.0,3375663.0,3157638.0,0.933415582856574,0.9438947844564273,0.9354126878186596
BIHAR,PURBA CHAMPARAN,3947017.0,2768889.0,611582.0,499000.0,4558599.0,3267889.0,0.7015143334827288,0.8159167535996809,0.7168625711539883
BIHAR,PURNIA,2484078.0,2480100.0,519414.0,517947.0,3003492.0,2998047.0,0.9983986010101132,0.9971756633436911,0.9981871102037229
BIHAR,ROHTAS,1936897.0,1797480.0,484130.0,459411.0,2421027.0,2256891.0,0.9280204368120762,0.9489414000371801,0.9322039778986356
BIHAR,SAHARSA,1406301.0,1240636.0,303527.0,278438.0,1709828.0,1519074.0,0.8821980500618288,0.9173417850800752,0.8884367316478616
BIHAR,SAMASTIPUR,3229662.0,3154414.0,762763.0,754597.0,3992425.0,3909011.0,0.976700967469661,0.9892941844321237,0.9791069337558
BIHAR,SARAN,3153689.0,2781036.0,421947.0,403152.0,3575636.0,3184188.0,0.8818358436738689,0.9554564909810948,0.8905235320373774
BIHAR,SHEIKHPURA,420752.0,408965.0,109985.0,107628.0,530737.0,516593.0,0.9719858729132601,0.9785698049734055,0.9733502657625152
BIHAR,SHEOHAR,550303.0,416169.0,91780.0,75864.0,642083.0,492033.0,0.756254281732064,0.8265853127042929,0.7663074711524834
BIHAR,SITAMARHI,2962014.0,2655460.0,417876.0,410854.0,3379890.0,3066314.0,0.8965048780998334,0.9831959720108358,0.9072230161336612
BIHAR,SIWAN,2669984.0,2320709.0,363237.0,328883.0,3033221.0,2649592.0,0.8691846093459736,0.905422630403841,0.8735242173254109
BIHAR,SUPAUL,1630526.0,1433423.0,315271.0,294710.0,1945797.0,1728133.0,0.8791169230052143,0.9347830913721845,0.8881363266568918
BIHAR,VAISHALI,2429760.0,2066708.0,638023.0,596288.0,3067783.0,2662996.0,0.8505811273541419,0.9345869976474203,0.8680522709722298
CHANDIGARH,CHANDIGARH,64696.0,64696.0,16701.0,16701.0,81397.0,81397.0,1.0,1.0,1.0
CHHATTISGARH,BALOD,432703.0,374347.0,294131.0,248721.0,726834.0,623068.0,0.8651361326360113,0.8456130091693838,0.8572356273922244
CHHATTISGARH,BALODA BAZAR,572441.0,451281.0,322140.0,240228.0,894581.0,691509.0,0.7883449997466988,0.7457254609796983,0.7729976380003599
CHHATTISGARH,BALRAMPUR,208195.0,169309.0,447990.0,350969.0,656185.0,520278.0,0.8132231801916473,0.7834304337150383,0.7928831046122664
CHHATTISGARH,BASTAR,192949.0,121256.0,494514.0,347003.0,687463.0,468259.0,0.6284354933168869,0.7017051084499124,0.6811406577517627
CHHATTISGARH,BEMETARA,459030.0,392538.0,128351.0,105861.0,587381.0,498399.0,0.8551467224364421,0.8247773683103365,0.8485105919326638
CHHATTISGARH,BIJAPUR,11706.0,10881.0,248603.0,208014.0,260309.0,218895.0,0.9295233213736546,0.8367316564965025,0.8409044635414066
CHHATTISGARH,BILASPUR,627745.0,594938.0,545333.0,510809.0,1173078.0,1105747.0,0.9477383332404081,0.9366918928434553,0.9426031346594174
CHHATTISGARH,DANTEWADA,33839.0,28393.0,184915.0,159417.0,218754.0,187810.0,0.839061437985756,0.8621096179325636,0.8585443009042121
CHHATTISGARH,DHAMTARI,438410.0,409266.0,243300.0,226043.0,681710.0,635309.0,0.933523414155699,0.9290711056309083,0.9319344002581743
CHHATTISGARH,DURG,446099.0,377985.0,133640.0,106976.0,579739.0,484961.0,0.8473119195514897,0.8004788985333733,0.8365160874117491
CHHATTISGARH,GARIYABAND,296809.0,231228.0,253219.0,187223.0,550028.0,418451.0,0.7790464574861274,0.7393718480840695,0.7607812693171984
CHHATTISGARH,JANJGIR-CHAMPA,809347.0,718803.0,492846.0,434044.0,1302193.0,1152847.0,0.8881270950531724,0.8806888967344769,0.8853119314878823
CHHATTISGARH,JASHPUR,245756.0,204936.0,539620.0,462194.0,785376.0,667130.0,0.8339002913458878,0.8565175493866054,0.8494402681008841
CHHATTISGARH,KANKER,221922.0,203065.0,463497.0,425141.0,685419.0,628206.0,0.9150287037788052,0.9172464978198349,0.9165284300551925
CHHATTISGARH,KAWARDHA,391119.0,362161.0,207119.0,185546.0,598238.0,547707.0,0.9259611524881174,0.8958424866863977,0.9155336170554195
CHHATTISGARH,KONDAGAON,122271.0,78510.0,394958.0,283927.0,517229.0,362437.0,0.6420982898643178,0.7188789694094055,0.7007283040974114
CHHATTISGARH,KORBA,216366.0,182502.0,500511.0,415804.0,716877.0,598306.0,0.8434874240869638,0.8307589643384461,0.8346006358133962
CHHATTISGARH,KORIYA,164499.0,145178.0,292565.0,262222.0,457064.0,407400.0,0.8825463984583493,0.8962862953531694,0.8913412563667232
CHHATTISGARH,MAHASAMUND,491388.0,426896.0,354562.0,305005.0,845950.0,731901.0,0.8687554437633804,0.8602303687366385,0.8651823393817601
CHHATTISGARH,MUNGELI,316133.0,298343.0,192809.0,181822.0,508942.0,480165.0,0.9437262164974868,0.9430161455118796,0.943457211234286
CHHATTISGARH,NARAYANPUR,15568.0,12558.0,89036.0,72951.0,104604.0,85509.0,0.8066546762589928,0.8193427377689924,0.8174543994493518
CHHATTISGARH,RAIGARH,559274.0,500226.0,647390.0,550479.0,1206664.0,1050705.0,0.8944202662737764,0.8503050711317753,0.8707519243136449
CHHATTISGARH,RAIPUR,617465.0,464359.0,196750.0,151150.0,814215.0,615509.0,0.7520410063728309,0.7682337992376111,0.7559538942416929
CHHATTISGARH,RAJNANDAGON,708194.0,608442.0,437770.0,376115.0,1145964.0,984557.0,0.8591459402367148,0.8591612033716335,0.8591517709107791
CHHATTISGARH,SUKMA,26285.0,21832.0,237305.0,203786.0,263590.0,225618.0,0.8305877877116226,0.8587513958829355,0.8559429416897454
CHHATTISGARH,SURAJPUR,328377.0,273946.0,364335.0,308999.0,692712.0,582945.0,0.8342423494946357,0.8481178036696996,0.8415402071856702
CHHATTISGARH,SURGUJA,227467.0,192895.0,461738.0,384601.0,689205.0,577496.0,0.8480131183864033,0.8329420580502362,0.8379161497667602
DADRA & NAGAR HAVELI,DADRA AND NAGAR HAVELI,38564.0,0.0,130100.0,0.0,168664.0,0.0,0.0,0.0,0.0
DAMAN & DIU,DAMAN,64772.0,0.0,13447.0,0.0,78219.0,0.0,0.0,0.0,0.0
GOA,NORTH GOA,451215.0,395431.0,10034.0,9407.0,461249.0,404838.0,0.8763693582881775,0.9375124576440104,0.8776994638470761
GOA,SOUTH GOA,291673.0,278693.0,2009.0,1896.0,293682.0,280589.0,0.9554981091839149,0.9437531110004977,0.9554177647932117
GUJARAT,AHMADABAD,1137383.0,1121474.0,159637.0,159557.0,1297020.0,1281031.0,0.986012627232867,0.9994988630455346,0.9876725108325238
GUJARAT,AMRELI,1119570.0,1116234.0,111182.0,111181.0,1230752.0,1227415.0,0.9970202845735416,0.999991005738339,0.9972886495410935
GUJARAT,ANAND  ,1433230.0,1424404.0,98501.0,98501.0,1531731.0,1522905.0,0.9938418816240241,1.0,0.9942378916402423
GUJARAT,BANAS KANTHA,2037374.0,2014842.0,497425.0,497425.0,2534799.0,2512267.0,0.9889406657785954,1.0,0.9911109322672133
GUJARAT,BHARUCH,645274.0,644163.0,506434.0,504798.0,1151708.0,1148961.0,0.9982782507895871,0.9967695691837436,0.9976148468188117
GUJARAT,BHAVNAGAR,1608283.0,1608283.0,102018.0,102018.0,1710301.0,1710301.0,1.0,1.0,1.0
GUJARAT,DANG,5457.0,5019.0,205909.0,200932.0,211366.0,205951.0,0.919736118746564,0.9758291284013811,0.9743809316540977
GUJARAT,DOHAD  ,359713.0,359713.0,1316024.0,1316024.0,1675737.0,1675737.0,1.0,1.0,1.0
GUJARAT,GANDHINAGAR,932381.0,932381.0,63619.0,63619.0,996000.0,996000.0,1.0,1.0,1.0
GUJARAT,JAMNAGAR,1086090.0,1086090.0,99002.0,99002.0,1185092.0,1185092.0,1.0,1.0,1.0
GUJARAT,JUNAGADH,1710400.0,1689603.0,229111.0,229111.0,1939511.0,1918714.0,0.9878408559401309,1.0,0.9892771940968625
GUJARAT,KACHCHH,1019567.0,1019567.0,277786.0,277786.0,1297353.0,1297353.0,1.0,1.0,1.0
GUJARAT,KHEDA,1709124.0,1705046.0,130994.0,130994.0,1840118.0,1836040.0,0.9976139823675755,1.0,0.997783837775621
GUJARAT,MAHESANA,1486432.0,1486432.0,137734.0,137734.0,1624166.0,1624166.0,1.0,1.0,1.0
GUJARAT,NARMADA  ,80039.0,76829.0,489398.0,456145.0,569437.0,532974.0,0.9598945514061895,0.9320532572670914,0.9359665775142817
GUJARAT,NAVSARI  ,361642.0,347900.0,633390.0,614884.0,995032.0,962784.0,0.962001095005558,0.9707826141871517,0.967590992048497
GUJARAT,PANCH MAHALS,1311987.0,1307143.0,702843.0,699098.0,2014830.0,2006241.0,0.9963078902458637,0.9946716407504947,0.9957371093342863
GUJARAT,PATAN  ,962170.0,962170.0,115078.0,115078.0,1077248.0,1077248.0,1.0,1.0,1.0
GUJARAT,PORBANDAR  ,276907.0,276907.0,36337.0,36337.0,313244.0,313244.0,1.0,1.0,1.0
GUJARAT,RAJKOT,1589797.0,1589797.0,165432.0,165432.0,1755229.0,1755229.0,1.0,1.0,1.0
GUJARAT,SABAR KANTHA,1479002.0,1465556.0,632470.0,597273.0,2111472.0,2062829.0,0.9909087344033342,0.9443499296409316,0.9769625171444376
GUJARAT,SURAT,707637.0,706985.0,852398.0,841364.0,1560035.0,1548349.0,0.9990786236446088,0.9870553426920289,0.9925091424230866
GUJARAT,SURENDRANAGAR,1098018.0,1088599.0,154130.0,152789.0,1252148.0,1241388.0,0.9914218164000954,0.9912995523259586,0.9914067666122535
GUJARAT,TAPI,72865.0,72845.0,694641.0,691883.0,767506.0,764728.0,0.9997255197968846,0.9960296037809458,0.9963804843219467
GUJARAT,VADODARA,1144573.0,1139077.0,1120350.0,1119679.0,2264923.0,2258756.0,0.9951982092885294,0.9994010800196367,0.9972771701289624
GUJARAT,VALSAD,315365.0,311225.0,846258.0,837185.0,1161623.0,1148410.0,0.9868723542561794,0.9892786833329789,0.9886253973965736
HARYANA,AMBALA,527089.0,510094.0,234597.0,228590.0,761686.0,738684.0,0.9677568683846561,0.9743943869699954,0.9698012041707476
HARYANA,BHIWANI,1083192.0,1003806.0,265784.0,249374.0,1348976.0,1253180.0,0.9267110539959674,0.9382581344249465,0.9289861346680741
HARYANA,FARIDABAD,283500.0,262902.0,61420.0,57492.0,344920.0,320394.0,0.9273439153439154,0.9360468902637578,0.928893656500058
HARYANA,FATEHABAD ,536031.0,526596.0,221238.0,217740.0,757269.0,744336.0,0.982398406062336,0.9841889729612453,0.9829215245837345
HARYANA,GURGAON,555692.0,527573.0,109667.0,102743.0,665359.0,630316.0,0.9493982277952535,0.9368634137890158,0.9473321920947939
HARYANA,HISAR,1105529.0,1040290.0,338544.0,317194.0,1444073.0,1357484.0,0.9409884317824317,0.9369358192731225,0.9400383498618144
HARYANA,JHAJJAR ,652570.0,602715.0,142550.0,130410.0,795120.0,733125.0,0.9236020656787778,0.9148368993335672,0.9220306368849985
HARYANA,JIND,826756.0,800128.0,219163.0,212547.0,1045919.0,1012675.0,0.9677921901988011,0.9698124227173383,0.968215511908666
HARYANA,KAITHAL,685424.0,634349.0,204622.0,189864.0,890046.0,824213.0,0.9254840799271692,0.9278767678939703,0.9260341600321781
HARYANA,KARNAL,810682.0,805569.0,242294.0,235224.0,1052976.0,1040793.0,0.9936929646889903,0.970820573353034,0.9884299357250308
HARYANA,KURUKSHETRA,552882.0,540936.0,167334.0,163416.0,720216.0,704352.0,0.9783932195296645,0.9765857506543799,0.9779732746842614
HARYANA,MAHENDRAGARH,656518.0,573550.0,130592.0,113869.0,787110.0,687419.0,0.873624180905931,0.8719446826758147,0.8733455298497034
HARYANA,MEWAT,788587.0,764992.0,57457.0,56116.0,846044.0,821108.0,0.9700793951713634,0.9766608072123502,0.9705263556032547
HARYANA,PALWAL,626825.0,610071.0,145573.0,140844.0,772398.0,750915.0,0.9732716467913692,0.9675145803136571,0.9721866188156882
HARYANA,PANCHKULA ,222454.0,220393.0,56396.0,55857.0,278850.0,276250.0,0.9907351632247566,0.9904425845804667,0.9906759906759907
HARYANA,PANIPAT,580720.0,533715.0,132115.0,127448.0,712835.0,661163.0,0.9190573770491803,0.9646747152102335,0.9275119768249315
HARYANA,REWARI,598839.0,525938.0,143249.0,125026.0,742088.0,650964.0,0.87826277179676,0.8727879426732473,0.8772059378402561
HARYANA,ROHTAK,537167.0,529670.0,135176.0,133649.0,672343.0,663319.0,0.986043446451476,0.9887036160265136,0.9865782792413991
HARYANA,SIRSA,690465.0,681782.0,275929.0,271983.0,966394.0,953765.0,0.9874244168784805,0.9856992197268137,0.9869318311165012
HARYANA,SONIPAT,850323.0,798105.0,199519.0,186734.0,1049842.0,984839.0,0.9385903944736295,0.9359208897398242,0.9380830639277148
HARYANA,YAMUNANAGAR,592454.0,578598.0,256428.0,249518.0,848882.0,828116.0,0.9766125302555135,0.9730528647417599,0.9755372360351615
HIMACHAL PRADESH,BILASPUR,254150.0,184236.0,98764.0,71400.0,352914.0,255636.0,0.7249104859335038,0.7229354825644971,0.7243577755487173
HIMACHAL PRADESH,CHAMBA,239993.0,228957.0,216532.0,207286.0,456525.0,436243.0,0.9540153254469922,0.9572996139138787,0.9555730792399102
HIMACHAL PRADESH,HAMIRPUR,306896.0,286191.0,100403.0,93499.0,407299.0,379690.0,0.9325341483759971,0.9312371144288517,0.9322144174181621
HIMACHAL PRADESH,KANGRA,1165810.0,1106719.0,319812.0,306373.0,1485622.0,1413092.0,0.9493133529477359,0.9579784373319326,0.951178698215293
HIMACHAL PRADESH,KINNAUR,16910.0,14593.0,71232.0,65671.0,88142.0,80264.0,0.8629804849201655,0.9219311545372866,0.9106214971296317
HIMACHAL PRADESH,KULLU,277408.0,235499.0,127069.0,109682.0,404477.0,345181.0,0.8489264909447456,0.8631688295335606,0.8534008114182018
HIMACHAL PRADESH,LAHUL AND SPITI,6482.0,6482.0,29605.0,29605.0,36087.0,36087.0,1.0,1.0,1.0
HIMACHAL PRADESH,MANDI,654709.0,528203.0,290014.0,236300.0,944723.0,764503.0,0.8067752238017195,0.8147882516016468,0.809235087956999
HIMACHAL PRADESH,SHIMLA,442433.0,376400.0,186335.0,157656.0,628768.0,534056.0,0.8507502830937114,0.8460890331929053,0.8493689246272075
HIMACHAL PRADESH,SIRMAUR,333110.0,283187.0,154206.0,124580.0,487316.0,407767.0,0.8501305874936207,0.8078803678196698,0.8367609518259199
HIMACHAL PRADESH,SOLAN,308812.0,258583.0,163153.0,138595.0,471965.0,397178.0,0.8373476419310131,0.8494787101677567,0.8415412159799985
HIMACHAL PRADESH,UNA,358880.0,334123.0,105736.0,99133.0,464616.0,433256.0,0.9310159384752563,0.9375520163425891,0.9325034006577475
JAMMU AND KASHMIR,ANANTNAG,560309.0,463865.0,35033.0,23839.0,595342.0,487704.0,0.827873548345645,0.6804726971712386,0.8191997204967901
JAMMU AND KASHMIR,BANDIPORA,222647.0,148487.0,68005.0,35868.0,290652.0,184355.0,0.6669166887494554,0.5274318064848172,0.6342808582084417
JAMMU AND KASHMIR,BARAMULLA,838443.0,615955.0,27860.0,16796.0,866303.0,632751.0,0.7346414723481501,0.6028715003589376,0.7304037963622427
JAMMU AND KASHMIR,BUDGAM,705484.0,499419.0,17378.0,12767.0,722862.0,512186.0,0.7079097470672616,0.7346645183565428,0.7085529464821778
JAMMU AND KASHMIR,DODA,484133.0,225573.0,51620.0,23932.0,535753.0,249505.0,0.4659318823546422,0.46361875242154205,0.4657090114287741
JAMMU AND KASHMIR,GANDERBAL,283180.0,174749.0,47372.0,16178.0,330552.0,190927.0,0.6170951338371354,0.3415097525964705,0.5776004985599845
JAMMU AND KASHMIR,JAMMU,740551.0,548945.0,364982.0,241945.0,1105533.0,790890.0,0.7412656251898924,0.6628957044456987,0.7153924848919028
JAMMU AND KASHMIR,KARGIL,13.0,1.0,118786.0,104819.0,118799.0,104820.0,0.07692307692307693,0.8824188035627094,0.8823306593489845
JAMMU AND KASHMIR,KATHUA,343671.0,248396.0,126924.0,78725.0,470595.0,327121.0,0.7227726517512388,0.6202530648261952,0.6951221326193436
JAMMU AND KASHMIR,KISHTWAR,113495.0,62425.0,21195.0,7555.0,134690.0,69980.0,0.5500242301422971,0.35645199339466854,0.5195634419778751
JAMMU AND KASHMIR,KULGAM,454027.0,376542.0,27939.0,19544.0,481966.0,396086.0,0.8293383433143844,0.6995239629192168,0.8218131569446807
JAMMU AND KASHMIR,KUPWARA,634748.0,369350.0,46594.0,30722.0,681342.0,400072.0,0.5818844643858665,0.6593552817959394,0.5871823548232752
JAMMU AND KASHMIR,LEH (LADAKH),6291.0,2256.0,86681.0,68493.0,92972.0,70749.0,0.3586075345731998,0.7901731636690855,0.7609710450458202
JAMMU AND KASHMIR,POONCH,317719.0,187835.0,206275.0,89436.0,523994.0,277271.0,0.5911985118925843,0.433576536177433,0.5291491887311687
JAMMU AND KASHMIR,PULWAMA,431628.0,283682.0,22760.0,14034.0,454388.0,297716.0,0.6572372505954202,0.6166080843585238,0.6552021620289268
JAMMU AND KASHMIR,RAJAURI,408487.0,220194.0,173492.0,87169.0,581979.0,307363.0,0.5390477542736978,0.502438152767851,0.5281341766627318
JAMMU AND KASHMIR,RAMBAN,260784.0,129196.0,22374.0,9909.0,283158.0,139105.0,0.49541382906926806,0.4428801287208367,0.49126282852682956
JAMMU AND KASHMIR,REASI,252415.0,150482.0,35634.0,18251.0,288049.0,168733.0,0.5961690073886259,0.5121793792445417,0.585778808466615
JAMMU AND KASHMIR,SAMBA,380704.0,249512.0,155454.0,101491.0,536158.0,351003.0,0.6553963183995966,0.6528683726375648,0.6546633641575804
JAMMU AND KASHMIR,SHOPIAN,251141.0,169209.0,10297.0,4295.0,261438.0,173504.0,0.6737609550013738,0.417111780130135,0.6636525677216013
JAMMU AND KASHMIR,SRINAGAR,177969.0,112940.0,1619.0,1619.0,179588.0,114559.0,0.6346049031011018,1.0,0.6378989687506961
JAMMU AND KASHMIR,UDHAMPUR,413516.0,198652.0,140281.0,62210.0,553797.0,260862.0,0.48039737277396766,0.4434670411531141,0.47104263836748844
JHARKHAND,BOKARO,810959.0,810959.0,397094.0,397094.0,1208053.0,1208053.0,1.0,1.0,1.0
JHARKHAND,CHATRA,451099.0,438160.0,444710.0,437417.0,895809.0,875577.0,0.9713167176163104,0.9836005486721684,0.9774148283841756
JHARKHAND,DEOGHAR,657193.0,649338.0,487593.0,483790.0,1144786.0,1133128.0,0.9880476511466191,0.9922004622707873,0.9898164373079336
JHARKHAND,DHANBAD,393022.0,390674.0,193212.0,192627.0,586234.0,583301.0,0.9940257797273435,0.9969722377492082,0.9949968783796231
JHARKHAND,DUMKA,478774.0,478416.0,658012.0,657641.0,1136786.0,1136057.0,0.9992522568059251,0.9994361804951886,0.9993587183515631
JHARKHAND,GARHWA,645804.0,645537.0,499339.0,498986.0,1145143.0,1144523.0,0.9995865618670681,0.9992930654325017,0.9994585829018734
JHARKHAND,GIRIDIH,1292630.0,1280837.0,449120.0,444449.0,1741750.0,1725286.0,0.9908767396702847,0.9895996615603847,0.9905474379216306
JHARKHAND,GODDA,706071.0,705860.0,468042.0,468042.0,1174113.0,1173902.0,0.9997011631974688,1.0,0.9998202898698848
JHARKHAND,GUMLA,237552.0,232976.0,633820.0,621459.0,871372.0,854435.0,0.9807368491951236,0.9804976176201445,0.9805628365382408
JHARKHAND,HAZARIBAG,968857.0,968857.0,389720.0,389720.0,1358577.0,1358577.0,1.0,1.0,1.0
JHARKHAND,JAMTARA,359780.0,357166.0,332677.0,331096.0,692457.0,688262.0,0.9927344488298404,0.9952476426082957,0.993941862093964
JHARKHAND,KHUTI,92199.0,86559.0,371755.0,363327.0,463954.0,449886.0,0.9388279699345979,0.9773291549542037,0.9696780284252318
JHARKHAND,KODERMA,420606.0,419520.0,114688.0,114619.0,535294.0,534139.0,0.997418011155333,0.9993983677455357,0.9978423072180895
JHARKHAND,LATEHAR,213350.0,213350.0,373159.0,373159.0,586509.0,586509.0,1.0,1.0,1.0
JHARKHAND,LOHARDAGA,133636.0,132366.0,239538.0,236979.0,373174.0,369345.0,0.9904965727797899,0.9893169351000677,0.9897393709100848
JHARKHAND,PAKUR,370498.0,370498.0,410159.0,409981.0,780657.0,780479.0,1.0,0.9995660219573385,0.9997719869289585
JHARKHAND,PALAMU,820212.0,819181.0,538850.0,538827.0,1359062.0,1358008.0,0.9987430079052733,0.9999573165073768,0.9992244651090237
JHARKHAND,PASCHIM SINGHBHUM,287653.0,287345.0,936202.0,934708.0,1223855.0,1222053.0,0.9989292654691591,0.998404190548621,0.9985276033517042
JHARKHAND,PURBI SINGHBHUM,432921.0,385573.0,706052.0,565229.0,1138973.0,950802.0,0.8906313161061717,0.8005486847994199,0.8347888843721493
JHARKHAND,RAMGARH,472554.0,472554.0,243549.0,243549.0,716103.0,716103.0,1.0,1.0,1.0
JHARKHAND,RANCHI,763491.0,761237.0,815057.0,810944.0,1578548.0,1572181.0,0.9970477713555235,0.9949537271626402,0.9959665464718209
JHARKHAND,SAHIBGANJ,600205.0,598800.0,348495.0,346703.0,948700.0,945503.0,0.997659133129514,0.9948578889223662,0.9966301254348056
JHARKHAND,SAREIKELA AND KHARSAWAN,421104.0,350631.0,381864.0,361601.0,802968.0,712232.0,0.8326470420608686,0.9469366057025538,0.8869992328461408
JHARKHAND,SIMDEGA,90740.0,90613.0,411692.0,411302.0,502432.0,501915.0,0.9986003967379325,0.9990526898749551,0.9989710050315267
KARNATAKA,BAGALKOT,983727.0,652106.0,286554.0,198361.0,1270281.0,850467.0,0.6628932620533949,0.6922290388548057,0.6695109192375546
KARNATAKA,BANGALORE RURAL,507818.0,278156.0,220502.0,122100.0,728320.0,400256.0,0.5477474213202368,0.5537364740455869,0.549560632688928
KARNATAKA,BANGLORE URBAN,532005.0,301372.0,215286.0,128666.0,747291.0,430038.0,0.5664833977124275,0.5976514961493083,0.5754625708057504
KARNATAKA,BELGAUM,2914126.0,1918910.0,635043.0,442260.0,3549169.0,2361170.0,0.6584855973969553,0.6964252814376349,0.6652740402049043
KARNATAKA,BELLARY,847770.0,597146.0,599795.0,411891.0,1447565.0,1009037.0,0.7043726482418581,0.6867196292066456,0.6970581631912902
KARNATAKA,BIDAR,802751.0,709543.0,473089.0,424295.0,1275840.0,1133838.0,0.8838892757530044,0.8968608443654366,0.8886992099322799
KARNATAKA,BIJAPUR,1204765.0,855126.0,340977.0,270040.0,1545742.0,1125166.0,0.7097865558843426,0.7919595749859961,0.7279131963807673
KARNATAKA,CHAMARAJANAGAR,572596.0,341691.0,312413.0,181244.0,885009.0,522935.0,0.5967401099553612,0.5801423116195549,0.5908809966904291
KARNATAKA,CHIK BALLAPUR,692614.0,543381.0,418562.0,328024.0,1111176.0,871405.0,0.7845365528274045,0.783692738471242,0.7842187016278249
KARNATAKA,CHIKMAGALUR,747814.0,547845.0,260298.0,190099.0,1008112.0,737944.0,0.7325952710165897,0.7303129490046024,0.7320059675909026
KARNATAKA,CHITRADURGA,864277.0,691563.0,606909.0,496219.0,1471186.0,1187782.0,0.8001636049553558,0.8176168091097676,0.8073635828508428
KARNATAKA,DAKSHIN KANNAD,1164943.0,984881.0,168123.0,148576.0,1333066.0,1133457.0,0.8454327808313368,0.883733932894369,0.8502632277771693
KARNATAKA,DAVANGERE,864283.0,582210.0,493977.0,318523.0,1358260.0,900733.0,0.6736335205019652,0.6448134224872818,0.6631521210961082
KARNATAKA,DHARWAD,689232.0,600295.0,105650.0,90237.0,794882.0,690532.0,0.8709621723889779,0.8541126360624705,0.8687226531736786
KARNATAKA,GADAG ,527839.0,413119.0,161364.0,128763.0,689203.0,541882.0,0.7826610007975917,0.7979660890905035,0.7862444011416085
KARNATAKA,GULBARGA,1114276.0,825304.0,438918.0,325242.0,1553194.0,1150546.0,0.740663892967272,0.7410085710770576,0.7407612957557137
KARNATAKA,HASSAN,1228830.0,1009260.0,336826.0,263956.0,1565656.0,1273216.0,0.8213178389199483,0.7836568435928343,0.8132156744521146
KARNATAKA,HAVERI ,961886.0,716485.0,289987.0,208424.0,1251873.0,924909.0,0.7448751723177175,0.7187356674609552,0.7388201518844164
KARNATAKA,KODAGU,413683.0,304826.0,114874.0,82444.0,528557.0,387270.0,0.7368588992054302,0.7176906871877013,0.7326929735108986
KARNATAKA,KOLAR,697377.0,381402.0,390169.0,206058.0,1087546.0,587460.0,0.54690934745482,0.5281249919906502,0.5401702548673804
KARNATAKA,KOPPAL ,790286.0,577335.0,318115.0,233518.0,1108401.0,810853.0,0.7305393237384946,0.7340678685381072,0.7315520285528433
KARNATAKA,MANDYA,1352856.0,876487.0,238213.0,155194.0,1591069.0,1031681.0,0.6478790056000048,0.6514925717740006,0.6484200245243921
KARNATAKA,MYSORE,1189653.0,762692.0,594926.0,377138.0,1784579.0,1139830.0,0.6411045910025864,0.6339242191465829,0.6387108668206899
KARNATAKA,RAICHUR,809235.0,597609.0,569716.0,407779.0,1378951.0,1005388.0,0.7384863482177613,0.7157583778584418,0.7290962477999581
KARNATAKA,RAMANAGARAM,690673.0,403975.0,189530.0,125851.0,880203.0,529826.0,0.5849005245608269,0.6640162507254788,0.6019361442758091
KARNATAKA,SHIMOGA,911651.0,743797.0,264795.0,226345.0,1176446.0,970142.0,0.8158791028584403,0.8547933306897789,0.8246379349328401
KARNATAKA,TUMKUR,1628611.0,960799.0,648651.0,387606.0,2277262.0,1348405.0,0.589949963496501,0.597557083855571,0.592116761268576
KARNATAKA,UDUPI ,902519.0,548567.0,101918.0,65472.0,1004437.0,614039.0,0.6078176747525537,0.6423987911850704,0.611326544123723
KARNATAKA,UTTAR KANNADA,979625.0,647738.0,99788.0,69337.0,1079413.0,717075.0,0.6612101569478117,0.6948430673026816,0.6643194032312006
KARNATAKA,YADGIR,568379.0,442789.0,296219.0,219049.0,864598.0,661838.0,0.7790382825544223,0.7394832877026795,0.7654863878935644
KERALA,ALAPPUZHA,1354793.0,1354793.0,201122.0,201122.0,1555915.0,1555915.0,1.0,1.0,1.0
KERALA,ERNAKULAM,1571867.0,1571867.0,183049.0,183049.0,1754916.0,1754916.0,1.0,1.0,1.0
KERALA,IDUKKI,905295.0,901606.0,229937.0,228091.0,1135232.0,1129697.0,0.9959250851932243,0.9919717139912236,0.9951243446273537
KERALA,KANNUR,1189273.0,1189273.0,76701.0,76701.0,1265974.0,1265974.0,1.0,1.0,1.0
KERALA,KASARAGOD,947038.0,947038.0,121757.0,121757.0,1068795.0,1068795.0,1.0,1.0,1.0
KERALA,KOLLAM,1943473.0,1943473.0,306005.0,306005.0,2249478.0,2249478.0,1.0,1.0,1.0
KERALA,KOTTAYAM,1590013.0,1590013.0,159017.0,159017.0,1749030.0,1749030.0,1.0,1.0,1.0
KERALA,KOZHIKODE,1764284.0,1764284.0,158770.0,158770.0,1923054.0,1923054.0,1.0,1.0,1.0
KERALA,MALAPPURAM,3414030.0,3414030.0,309445.0,309445.0,3723475.0,3723475.0,1.0,1.0,1.0
KERALA,PALAKKAD,1981618.0,1980851.0,464093.0,464093.0,2445711.0,2444944.0,0.9996129425550232,1.0,0.9996863897655938
KERALA,PATHANAMTHITTA,985959.0,985959.0,161579.0,161579.0,1147538.0,1147538.0,1.0,1.0,1.0
KERALA,THIRUVANANTHAPURAM,2006577.0,2006577.0,308678.0,308678.0,2315255.0,2315255.0,1.0,1.0,1.0
KERALA,THRISSUR,1983748.0,1983748.0,304438.0,304438.0,2288186.0,2288186.0,1.0,1.0,1.0
KERALA,WAYANAD,664708.0,664708.0,185913.0,185913.0,850621.0,850621.0,1.0,1.0,1.0
LAKSHADWEEP,LAKSHADWEEP DISTRICT,0.0,0.0,50947.0,0.0,50947.0,0.0,,0.0,0.0
MADHYA PRADESH,ALIRAJPUR,18345.0,17792.0,653327.0,601340.0,671672.0,619132.0,0.9698555464704279,0.9204272898563812,0.9217772960611728
MADHYA PRADESH,ANUPPUR,191517.0,171144.0,329420.0,290998.0,520937.0,462142.0,0.8936230204107207,0.8833647015967458,0.8871360644377343
MADHYA PRADESH,ASHOKNAGAR,451850.0,412210.0,213862.0,207031.0,665712.0,619241.0,0.9122717716056213,0.9680588416829544,0.9301935371451919
MADHYA PRADESH,BALAGHAT,918661.0,861396.0,398689.0,363258.0,1317350.0,1224654.0,0.9376647098331158,0.9111312326148954,0.92963449349072
MADHYA PRADESH,BARWANI,212344.0,152433.0,937577.0,690533.0,1149921.0,842966.0,0.7178587574878499,0.7365080414728603,0.7330642713716855
MADHYA PRADESH,BETUL,572041.0,497488.0,728867.0,607080.0,1300908.0,1104568.0,0.8696719291099764,0.8329091590098057,0.8490746463239522
MADHYA PRADESH,BHIND,935294.0,718311.0,263295.0,214160.0,1198589.0,932471.0,0.7680055683025873,0.813384226817828,0.7779739343511413
MADHYA PRADESH,BHOPAL,336082.0,305749.0,113881.0,106609.0,449963.0,412358.0,0.9097452407448182,0.9361438694777883,0.9164264617312979
MADHYA PRADESH,BURHANPUR,225170.0,203023.0,229583.0,204269.0,454753.0,407292.0,0.9016432029133543,0.8897392228518662,0.8956334537650109
MADHYA PRADESH,CHHATARPUR,966694.0,879237.0,396241.0,387671.0,1362935.0,1266908.0,0.909529799502221,0.9783717485065907,0.9295439621111792
MADHYA PRADESH,CHHINDWARA,738259.0,593155.0,834761.0,658173.0,1573020.0,1251328.0,0.8034510923673128,0.7884568157832003,0.7954940178764415
MADHYA PRADESH,DAMOH,846823.0,769399.0,467142.0,426389.0,1313965.0,1195788.0,0.9085712126382963,0.9127610020079547,0.9100607702640481
MADHYA PRADESH,DATIA,405573.0,397947.0,161980.0,161436.0,567553.0,559383.0,0.981196973171291,0.9966415606865046,0.9856048686201994
MADHYA PRADESH,DEWAS,680542.0,636790.0,450950.0,414098.0,1131492.0,1050888.0,0.9357100663882612,0.9182791883800865,0.9287630844937481
MADHYA PRADESH,DHAR,553020.0,496087.0,1170088.0,1007315.0,1723108.0,1503402.0,0.8970507395754223,0.8608882408844463,0.8724943532268435
MADHYA PRADESH,DINDORI,168907.0,136016.0,442953.0,354419.0,611860.0,490435.0,0.8052715399598596,0.8001277787936869,0.8015477396790115
MADHYA PRADESH,GUNA,580196.0,555299.0,302177.0,293361.0,882373.0,848660.0,0.9570886390116443,0.970825046247729,0.9617928019103033
MADHYA PRADESH,GWALIOR,593988.0,536676.0,235978.0,209885.0,829966.0,746561.0,0.9035132022869149,0.8894261329445965,0.8995079316502121
MADHYA PRADESH,HARDA,224893.0,213644.0,215803.0,197714.0,440696.0,411358.0,0.9499806574682182,0.9161781810262137,0.9334280320220741
MADHYA PRADESH,HOSHANGABAD,566001.0,509347.0,311828.0,289440.0,877829.0,798787.0,0.8999047704862713,0.9282040099028952,0.9099574062830005
MADHYA PRADESH,INDORE,602870.0,469239.0,314577.0,243205.0,917447.0,712444.0,0.7783419310962563,0.7731175515056727,0.7765505800335061
MADHYA PRADESH,JABALPUR,650179.0,624829.0,439635.0,418198.0,1089814.0,1043027.0,0.9610107370431835,0.9512390960683295,0.9570688209180649
MADHYA PRADESH,JHABUA,27800.0,25508.0,868049.0,776664.0,895849.0,802172.0,0.9175539568345323,0.8947236849532688,0.8954321543027899
MADHYA PRADESH,KATNI,589712.0,535795.0,400533.0,357404.0,990245.0,893199.0,0.9085706243047453,0.8923209822910971,0.9019979903963161
MADHYA PRADESH,KHANDWA,541636.0,397896.0,460351.0,337491.0,1001987.0,735387.0,0.7346188214963555,0.7331166870496643,0.7339286837054773
MADHYA PRADESH,KHARGONE,754685.0,673778.0,818922.0,765549.0,1573607.0,1439327.0,0.8927936821322804,0.9348252947167129,0.9146673851857547
MADHYA PRADESH,MANDLA,298029.0,262294.0,593896.0,521117.0,891925.0,783411.0,0.8800955611702217,0.8774549752818676,0.8783373041455279
MADHYA PRADESH,MANDSAUR,890868.0,791406.0,271304.0,245116.0,1162172.0,1036522.0,0.8883538301970663,0.9034735941969156,0.8918834733585046
MADHYA PRADESH,MORENA,1171473.0,1124079.0,337491.0,332207.0,1508964.0,1456286.0,0.9595432417136375,0.9843432861913355,0.9650899557577252
MADHYA PRADESH,NARSINGHPUR,664090.0,597758.0,299398.0,262209.0,963488.0,859967.0,0.9001159481395594,0.8757874134095752,0.8925560048490485
MADHYA PRADESH,NEEMUCH,459367.0,416017.0,140658.0,125473.0,600025.0,541490.0,0.905631009628467,0.892043111660908,0.9024457314278572
MADHYA PRADESH,PANNA,564453.0,467613.0,336042.0,275315.0,900495.0,742928.0,0.828435671349076,0.8192874700186287,0.8250217935690926
MADHYA PRADESH,RAISEN,704623.0,650417.0,387501.0,358791.0,1092124.0,1009208.0,0.9230709187750045,0.9259098686196939,0.9240782182243042
MADHYA PRADESH,RAJGARH,970218.0,853843.0,278570.0,254745.0,1248788.0,1108588.0,0.8800527304172877,0.9144739203790788,0.8877311441173362
MADHYA PRADESH,RATLAM,514947.0,417709.0,521325.0,406392.0,1036272.0,824101.0,0.811168916412757,0.7795367573011077,0.795255492766378
MADHYA PRADESH,REWA,1381284.0,1254261.0,606107.0,529762.0,1987391.0,1784023.0,0.9080399106917911,0.8740403922079765,0.8976708659745365
MADHYA PRADESH,SAGAR,1206801.0,1128289.0,606905.0,567337.0,1813706.0,1695626.0,0.9349420492691007,0.9348036348357651,0.9348957328254965
MADHYA PRADESH,SATNA,1188559.0,1077526.0,605848.0,555358.0,1794407.0,1632884.0,0.9065818356514065,0.916662265122605,0.9099853043373103
MADHYA PRADESH,SEHORE,713123.0,639259.0,370277.0,331735.0,1083400.0,970994.0,0.8964217953985497,0.8959103590015043,0.896247000184604
MADHYA PRADESH,SEONI,588074.0,481986.0,593354.0,459269.0,1181428.0,941255.0,0.8196009345762608,0.7740219160905631,0.7967095751920558
MADHYA PRADESH,SHAHDOL,312606.0,298434.0,467418.0,425234.0,780024.0,723668.0,0.9546649776395847,0.9097510151513206,0.9277509409966873
MADHYA PRADESH,SHAJAPUR,907423.0,833522.0,342378.0,324969.0,1249801.0,1158491.0,0.9185594810799373,0.9491526908855125,0.9269403689067299
MADHYA PRADESH,SHEOPUR,339663.0,323660.0,235334.0,227777.0,574997.0,551437.0,0.9528856543103017,0.9678881929512948,0.9590258731784688
MADHYA PRADESH,SHIVPURI,945809.0,870129.0,453820.0,412673.0,1399629.0,1282802.0,0.9199838445182907,0.9093318937023489,0.9165300233133209
MADHYA PRADESH,SIDHI,583577.0,484330.0,403822.0,341447.0,987399.0,825777.0,0.8299333249939597,0.8455383807717262,0.8363154104875536
MADHYA PRADESH,SINGROULI,433779.0,378123.0,427188.0,375661.0,860967.0,753784.0,0.8716950336461654,0.879380975121024,0.8755085851141797
MADHYA PRADESH,TIKAMGARH,836561.0,725370.0,354897.0,307695.0,1191458.0,1033065.0,0.8670856040384384,0.8669980304144583,0.8670595186737594
MADHYA PRADESH,UJJAIN,834321.0,775934.0,425609.0,400806.0,1259930.0,1176740.0,0.9300185420239931,0.9417235067867455,0.933972522282984
MADHYA PRADESH,UMARIA,233688.0,182492.0,280133.0,229138.0,513821.0,411630.0,0.7809215706411968,0.8179614683025563,0.8011155635912117
MADHYA PRADESH,VIDISHA,824532.0,740316.0,306424.0,298992.0,1130956.0,1039308.0,0.8978620599321797,0.9757460251155262,0.9189641329989849
MAHARASHTRA,AHMEDNAGAR,2970297.0,2788492.0,771612.0,726208.0,3741909.0,3514700.0,0.9387923160545898,0.9411569545315521,0.9392799236967013
MAHARASHTRA,AKOLA,928585.0,824680.0,228554.0,211858.0,1157139.0,1036538.0,0.8881039430962163,0.9269494298940294,0.8957765661688009
MAHARASHTRA,AMRAVATI,1193506.0,1049982.0,715703.0,642524.0,1909209.0,1692506.0,0.8797458915162555,0.8977522799261705,0.8864959257996374
MAHARASHTRA,AURANGABAD,1717560.0,1456027.0,327535.0,274229.0,2045095.0,1730256.0,0.8477299191876848,0.837250980811211,0.846051650412328
MAHARASHTRA,BEED,1695721.0,1446572.0,280193.0,235546.0,1975914.0,1682118.0,0.8530719381313318,0.8406562619337385,0.8513113424976998
MAHARASHTRA,BHANDARA,810859.0,711088.0,295386.0,258807.0,1106245.0,969895.0,0.8769564128905272,0.876165424224574,0.876745205628048
MAHARASHTRA,BULDANA,1643112.0,1290037.0,339944.0,277846.0,1983056.0,1567883.0,0.7851181173285814,0.8173287364977762,0.7906398003888947
MAHARASHTRA,CHANDRAPUR,1100223.0,995929.0,583108.0,530509.0,1683331.0,1526438.0,0.905206489957036,0.9097954409817736,0.9067961084302493
MAHARASHTRA,DHULE,860157.0,748147.0,559614.0,501941.0,1419771.0,1250088.0,0.8697795867498608,0.8969414632228643,0.8804856557853344
MAHARASHTRA,GADCHIROLI,496830.0,430847.0,516000.0,478674.0,1012830.0,909521.0,0.8671919972626452,0.9276627906976744,0.8979996643069419
MAHARASHTRA,GONDIA,814660.0,728020.0,369056.0,337812.0,1183716.0,1065832.0,0.8936488841970883,0.915340761293679,0.9004119231302102
MAHARASHTRA,HINGOLI,753224.0,648744.0,190579.0,168214.0,943803.0,816958.0,0.8612896030928383,0.8826470912325073,0.8656022496220079
MAHARASHTRA,JALGAON,2229183.0,1976852.0,675243.0,597616.0,2904426.0,2574468.0,0.8868056144336288,0.8850384232046834,0.8863947644043952
MAHARASHTRA,JALNA,1255893.0,1033722.0,200915.0,163697.0,1456808.0,1197419.0,0.8230971906046136,0.8147574845083742,0.8219470239043168
MAHARASHTRA,KOLHAPUR,2569138.0,2194447.0,433386.0,370673.0,3002524.0,2565120.0,0.8541569195582331,0.8552952794967996,0.8543212310709256
MAHARASHTRA,LATUR,1376738.0,1304217.0,411134.0,390443.0,1787872.0,1694660.0,0.9473240369627336,0.9496733425112007,0.9478642766372537
MAHARASHTRA,NAGPUR,1318383.0,1086930.0,603929.0,509234.0,1922312.0,1596164.0,0.824441759337006,0.8432017670951387,0.8303355542700664
MAHARASHTRA,NANDED,1676047.0,1503661.0,688793.0,611768.0,2364840.0,2115429.0,0.897147275702889,0.8881739506644232,0.8945336682397118
MAHARASHTRA,NANDURBAR,282011.0,267025.0,956493.0,919437.0,1238504.0,1186462.0,0.9468602288563213,0.9612584723568285,0.9579799500041987
MAHARASHTRA,NASHIK,2085811.0,1770655.0,1487392.0,1314957.0,3573203.0,3085612.0,0.8489048144822325,0.8840688937415287,0.8635423176349063
MAHARASHTRA,OSMANABAD,1137795.0,1088763.0,263526.0,252316.0,1401321.0,1341079.0,0.9569061210499256,0.9574615028498137,0.9570105636039138
MAHARASHTRA,PARBHANI,1016912.0,886453.0,152355.0,135512.0,1169267.0,1021965.0,0.871710629828343,0.8894489842801352,0.8740219299783539
MAHARASHTRA,PUNE,3240327.0,3000170.0,564768.0,521159.0,3805095.0,3521329.0,0.9258849492659229,0.9227842229021475,0.925424726583699
MAHARASHTRA,RAIGAD,1768905.0,1562701.0,330790.0,302639.0,2099695.0,1865340.0,0.8834284486730491,0.914897669216119,0.8883861703723636
MAHARASHTRA,RATNAGIRI,1711264.0,1611800.0,47383.0,44016.0,1758647.0,1655816.0,0.9418768816500551,0.9289407593440685,0.9415283453700487
MAHARASHTRA,SANGLI,1945083.0,1722369.0,285605.0,249917.0,2230688.0,1972286.0,0.8854989735656524,0.8750442044081861,0.8841604025305198
MAHARASHTRA,SATARA,2620448.0,2275473.0,283091.0,242401.0,2903539.0,2517874.0,0.8683526633613794,0.8562652998505781,0.867174162289537
MAHARASHTRA,SINDHUDURG,852701.0,798404.0,45541.0,42044.0,898242.0,840448.0,0.9363235178567868,0.9232120506796074,0.9356587645645605
MAHARASHTRA,SOLAPUR,2608953.0,2358774.0,523154.0,480960.0,3132107.0,2839734.0,0.9041075097941588,0.9193468844737879,0.9066529336322162
MAHARASHTRA,THANE,1723670.0,1523805.0,1291765.0,1209691.0,3015435.0,2733496.0,0.8840468303097461,0.936463675668562,0.9065013837141241
MAHARASHTRA,WARDHA,759705.0,609946.0,277274.0,230511.0,1036979.0,840457.0,0.8028721674860637,0.8313473315204455,0.8104860368435619
MAHARASHTRA,WASHIM,709872.0,664920.0,234667.0,222318.0,944539.0,887238.0,0.936675907769288,0.947376495203842,0.9393344266356392
MAHARASHTRA,YAVATMAL,1540461.0,1447786.0,727496.0,686494.0,2267957.0,2134280.0,0.9398394376748259,0.9436395526573342,0.9410584063101726
MANIPUR,BISHNUPUR,160958.0,130367.0,5332.0,3503.0,166290.0,133870.0,0.8099442090483232,0.6569767441860465,0.8050393890191834
MANIPUR,CHANDEL,0.0,0.0,138198.0,100720.0,138198.0,100720.0,,0.7288093894267645,0.7288093894267645
MANIPUR,CHURACHANDPUR,0.0,0.0,337761.0,250894.0,337761.0,250894.0,,0.7428151858858779,0.7428151858858779
MANIPUR,IMPHAL EAST,357432.0,255743.0,24193.0,18088.0,381625.0,273831.0,0.7155011302849213,0.7476542801636837,0.7175394693743858
MANIPUR,IMPHAL WEST,238886.0,184074.0,19091.0,15583.0,257977.0,199657.0,0.7705516438803446,0.8162484940547902,0.7739333351422801
MANIPUR,SENAPATI,3518.0,1315.0,562788.0,432258.0,566306.0,433573.0,0.3737919272313815,0.7680654171730741,0.765616115668914
MANIPUR,TAMENGLONG,0.0,0.0,144145.0,110799.0,144145.0,110799.0,,0.7686634985604773,0.7686634985604773
MANIPUR,THOUBAL,292698.0,270291.0,6614.0,5560.0,299312.0,275851.0,0.9234466924953365,0.8406410644088298,0.9216169081092639
MANIPUR,UKHRUL,0.0,0.0,183406.0,144404.0,183406.0,144404.0,,0.7873461064523516,0.7873461064523516
MEGHALAYA,EAST GARO HILLS,3007.0,2507.0,248729.0,187620.0,251736.0,190127.0,0.8337213169271699,0.7543149371404219,0.7552634505990402
MEGHALAYA,EAST KHASI HILLS,15991.0,9402.0,456152.0,325403.0,472143.0,334805.0,0.5879557250953661,0.7133652817481893,0.7091177884666298
MEGHALAYA,JAINTIA HILLS,11397.0,6839.0,330828.0,218211.0,342225.0,225050.0,0.6000701939106783,0.6595904820631869,0.6576082986339397
MEGHALAYA,RI BHOI,376.0,376.0,238688.0,169493.0,239064.0,169869.0,1.0,0.7101027282477544,0.7105586788475052
MEGHALAYA,SOUTH GARO HILLS,14.0,14.0,130623.0,96196.0,130637.0,96210.0,1.0,0.7364399837700865,0.7364682287560186
MEGHALAYA,WEST GARO HILLS,70969.0,56462.0,460062.0,258064.0,531031.0,314526.0,0.7955868055066296,0.5609330916267807,0.5922931052989373
MEGHALAYA,WEST KHASI HILLS,2173.0,1973.0,352851.0,248772.0,355024.0,250745.0,0.9079613437643811,0.7050341362218047,0.7062761954121412
MIZORAM,AIZAWL,2737.0,2620.0,98712.0,86830.0,101449.0,89450.0,0.9572524662038728,0.8796296296296297,0.8817238218218021
MIZORAM,CHAMPHAI,1155.0,1104.0,70804.0,67400.0,71959.0,68504.0,0.9558441558441558,0.9519236201344556,0.9519865478953293
MIZORAM,KOLASIB,2603.0,2199.0,28273.0,25864.0,30876.0,28063.0,0.8447944679216289,0.9147950341315035,0.9088936390724187
MIZORAM,LAWNGTLAI,3802.0,2474.0,81012.0,65245.0,84814.0,67719.0,0.6507101525512888,0.8053745124179134,0.7984412950692102
MIZORAM,LUNGLEI,2328.0,2325.0,90051.0,85103.0,92379.0,87428.0,0.9987113402061856,0.9450533586523192,0.9464055683651046
MIZORAM,MAMIT,2899.0,2270.0,57801.0,45738.0,60700.0,48008.0,0.7830286305622628,0.7913011885607515,0.7909060955518946
MIZORAM,SAIHA,1342.0,1037.0,48013.0,45369.0,49355.0,46406.0,0.7727272727272727,0.9449315810301376,0.9402492148718469
MIZORAM,SERCHHIP,561.0,561.0,30450.0,29584.0,31011.0,30145.0,1.0,0.971559934318555,0.9720744252039599
NAGALAND,DIMAPUR,50010.0,41950.0,163416.0,139213.0,213426.0,181163.0,0.8388322335532894,0.8518933274587556,0.848832850730464
NAGALAND,KIPHIRE,3385.0,2773.0,126982.0,99190.0,130367.0,101963.0,0.8192023633677992,0.7811343340000945,0.7821227764695053
NAGALAND,KOHIMA,7704.0,7421.0,146394.0,128857.0,154098.0,136278.0,0.9632658359293873,0.8802068390781043,0.8843593038196472
NAGALAND,LONGLENG,1875.0,668.0,120171.0,90307.0,122046.0,90975.0,0.3562666666666667,0.7514874636975643,0.7454156629467578
NAGALAND,MOKOKCHUNG,7783.0,4131.0,205759.0,189778.0,213542.0,193909.0,0.5307721958113838,0.922331465452301,0.9080602410766968
NAGALAND,MON,16090.0,11544.0,250409.0,192750.0,266499.0,204294.0,0.7174642635177129,0.7697407042079158,0.7665844899980863
NAGALAND,PEREN,1455.0,1423.0,97172.0,85951.0,98627.0,87374.0,0.9780068728522336,0.8845243485777796,0.8859034544293145
NAGALAND,PHEK,2731.0,2731.0,141903.0,139135.0,144634.0,141866.0,1.0,0.9804937175394459,0.9808620379717079
NAGALAND,TUENSANG,3224.0,3045.0,137890.0,116678.0,141114.0,119723.0,0.9444789081885856,0.8461672347523388,0.8484133395694261
NAGALAND,WOKHA,2516.0,2019.0,133498.0,96862.0,136014.0,98881.0,0.8024642289348172,0.7255689223808597,0.7269913391268545
NAGALAND,ZUNHEBOTO,3197.0,2889.0,134620.0,124394.0,137817.0,127283.0,0.9036596809508914,0.9240380329817264,0.9235653076180732
ORISSA,ANUGUL,764742.0,588647.0,325242.0,249969.0,1089984.0,838616.0,0.7697327987739656,0.7685631007065508,0.7693837707709471
ORISSA,BALANGIR,797315.0,571535.0,516145.0,376671.0,1313460.0,948206.0,0.716824592538708,0.7297774850090575,0.721914637674539
ORISSA,BALESHWAR,1389188.0,1212424.0,614256.0,544411.0,2003444.0,1756835.0,0.8727573229829224,0.8862933369800213,0.8769074653446765
ORISSA,BARGARH,828842.0,643326.0,551158.0,424513.0,1380000.0,1067839.0,0.7761744699230976,0.7702201546561966,0.7737963768115942
ORISSA,BAUDH,250282.0,200352.0,144295.0,126774.0,394577.0,327126.0,0.8005050303257925,0.8785751412037839,0.82905491196902
ORISSA,BHADRAK,993760.0,693360.0,330590.0,230193.0,1324350.0,923553.0,0.6977137336982773,0.6963096282404186,0.6973632347944274
ORISSA,CUTTACK,1415473.0,1127917.0,472233.0,379706.0,1887706.0,1507623.0,0.7968481207341997,0.8040649425177825,0.7986534979493629
ORISSA,DEBAGARH,142884.0,113802.0,139171.0,111945.0,282055.0,225747.0,0.796464264718233,0.8043701633242558,0.800365177004485
ORISSA,DHENKANAL,750407.0,623308.0,340823.0,286833.0,1091230.0,910141.0,0.830626579975933,0.8415893293586407,0.8340505667916022
ORISSA,GAJAPATI,201141.0,174048.0,317590.0,271821.0,518731.0,445869.0,0.8653034438528197,0.8558865203564344,0.859537987897388
ORISSA,GANJAM,2224532.0,1722315.0,668082.0,543189.0,2892614.0,2265504.0,0.7742370080538289,0.8130573791839923,0.7832030129149621
ORISSA,JAJAPUR,1173984.0,804673.0,548647.0,361273.0,1722631.0,1165946.0,0.6854207553084198,0.6584798604567236,0.6768402519169805
ORISSA,JHARSUGUDA,151850.0,131917.0,207732.0,183396.0,359582.0,315313.0,0.8687323016134343,0.8828490555138351,0.8768876083897414
ORISSA,Jagatsinghapur,817580.0,678382.0,240831.0,203645.0,1058411.0,882027.0,0.8297438782749089,0.8455929676827318,0.8333501824905448
ORISSA,KALAHANDI,715746.0,657277.0,655903.0,595038.0,1371649.0,1252315.0,0.9183104062055534,0.9072042664845259,0.9129996085004254
ORISSA,KANDHAMAL,193190.0,170247.0,477610.0,423099.0,670800.0,593346.0,0.8812412650758321,0.885867130085216,0.8845348837209303
ORISSA,KENDUJHAR,647095.0,494376.0,850798.0,659292.0,1497893.0,1153668.0,0.7639929222138944,0.7749101431832233,0.7701938656499496
ORISSA,KHORDHA,948380.0,742883.0,241623.0,197243.0,1190003.0,940126.0,0.7833178683650014,0.8163254325954069,0.7900198570927972
ORISSA,KORAPUT,334242.0,224231.0,756380.0,496331.0,1090622.0,720562.0,0.6708642241250351,0.6561926544858404,0.6606890379985
ORISSA,Kendrapara,1077138.0,801552.0,286287.0,218890.0,1363425.0,1020442.0,0.7441497746806816,0.7645823945900443,0.7484401415552744
ORISSA,MALKANGIRI,96339.0,88497.0,425085.0,374572.0,521424.0,463069.0,0.9185999439479339,0.8811696484232565,0.8880853202000675
ORISSA,MAYURBHANJ,754158.0,536951.0,1541878.0,1096726.0,2296036.0,1633677.0,0.7119874084740864,0.7112923331158496,0.711520638178147
ORISSA,NABARANGAPUR,257311.0,182757.0,815886.0,556265.0,1073197.0,739022.0,0.71025723735091,0.6817925543519561,0.6886172808906473
ORISSA,NUAPADA,280476.0,177117.0,275448.0,165582.0,555924.0,342699.0,0.6314871860693964,0.6011370567221399,0.6164493707773004
ORISSA,Nayagarh,741351.0,623426.0,177449.0,154948.0,918800.0,778374.0,0.8409322979263534,0.8731973693850064,0.8471636917718763
ORISSA,PURI,1148832.0,807844.0,293193.0,218603.0,1442025.0,1026447.0,0.7031872371243141,0.7455941990429512,0.7118094346491912
ORISSA,RAYAGADA,157677.0,108699.0,637039.0,390162.0,794716.0,498861.0,0.6893776517818071,0.6124617174144754,0.627722356162453
ORISSA,SAMBALPUR,300576.0,200789.0,456534.0,313316.0,757110.0,514105.0,0.6680140796337698,0.6862928062312993,0.6790360713766824
ORISSA,SONEPUR,374305.0,291927.0,182857.0,143269.0,557162.0,435196.0,0.7799174470017767,0.7835029558616843,0.7810941880458466
ORISSA,SUNDARGARH,338877.0,290234.0,995245.0,767047.0,1334122.0,1057281.0,0.8564582429613105,0.7707117342965802,0.792491990987331
PUDUCHERRY,KARAIKAL,81079.0,81079.0,24524.0,24524.0,105603.0,105603.0,1.0,1.0,1.0
PUDUCHERRY,PUDUCHERRY,179866.0,179592.0,72946.0,72521.0,252812.0,252113.0,0.998476643723661,0.9941737723795685,0.9972350995997026
PUNJAB,AMRITSAR,785236.0,699646.0,413725.0,362969.0,1198961.0,1062615.0,0.8910009220158016,0.8773194754970088,0.8862798706546752
PUNJAB,BARNALA,269634.0,264565.0,122230.0,119778.0,391864.0,384343.0,0.9812004420807465,0.9799394583981019,0.9808071167547925
PUNJAB,BATHINDA,584806.0,535532.0,293297.0,264900.0,878103.0,800432.0,0.9157429985328468,0.9031800529838355,0.911546823094785
PUNJAB,FARIDKOT,242251.0,172792.0,161700.0,115085.0,403951.0,287877.0,0.7132767253798746,0.7117192331478046,0.7126532673517333
PUNJAB,FATEHGARH SAHIB,271144.0,270467.0,146694.0,146585.0,417838.0,417052.0,0.9975031717463783,0.9992569566580773,0.998118888181544
PUNJAB,FAZILKA,535341.0,516986.0,181064.0,157761.0,716405.0,674747.0,0.9657134424600395,0.8712996509521496,0.9418513271124573
PUNJAB,FIROZEPUR,560005.0,452221.0,211953.0,154582.0,771958.0,606803.0,0.8075302899081258,0.7293220666845952,0.7860570134644631
PUNJAB,GURDASPUR,966980.0,865088.0,294565.0,258106.0,1261545.0,1123194.0,0.8946286376140148,0.8762276577325887,0.8903320927909825
PUNJAB,HOSHIARPUR,859302.0,841041.0,483810.0,477385.0,1343112.0,1318426.0,0.9787490311904313,0.9867199933858333,0.9816202967436818
PUNJAB,JALANDHAR,610294.0,503376.0,527369.0,430593.0,1137663.0,933969.0,0.82480902646921,0.8164928162254512,0.8209540083486938
PUNJAB,KAPURTHALA,371788.0,357480.0,195332.0,174893.0,567120.0,532373.0,0.961515702497122,0.8953627669813445,0.9387307800818169
PUNJAB,LUDHIANA,989700.0,866715.0,565403.0,471348.0,1555103.0,1338063.0,0.8757350712337072,0.8336496269032885,0.8604336818847369
PUNJAB,MANSA,408409.0,405212.0,193418.0,192291.0,601827.0,597503.0,0.9921720628095855,0.9941732413736053,0.9928152110157903
PUNJAB,MOGA,516014.0,497444.0,277794.0,261391.0,793808.0,758835.0,0.9640126043091855,0.9409526483653354,0.9559427468607018
PUNJAB,MUKTSAR,361362.0,359573.0,253269.0,252747.0,614631.0,612320.0,0.995049285757772,0.9979389502860595,0.9962400204350252
PUNJAB,PATHANKOT,372372.0,325486.0,200908.0,169377.0,573280.0,494863.0,0.8740882773140838,0.8430575188643559,0.8632134384593916
PUNJAB,PATIALA,819207.0,810032.0,327290.0,323056.0,1146497.0,1133088.0,0.988800144530015,0.9870634605395826,0.9883043741065175
PUNJAB,RUPNAGAR,399394.0,371557.0,146719.0,134672.0,546113.0,506229.0,0.9303019073896954,0.9178906617411514,0.9269674957380616
PUNJAB,S A S NAGAR,360865.0,345851.0,151121.0,147443.0,511986.0,493294.0,0.9583944134233023,0.9756618868324058,0.963491189212205
PUNJAB,SANGRUR,801027.0,758804.0,352454.0,331644.0,1153481.0,1090448.0,0.9472889178517079,0.940956834083313,0.9453541063962042
PUNJAB,SHAHEED BHAGAT SINGH NAGAR,323219.0,311921.0,230831.0,225368.0,554050.0,537289.0,0.9650453717139154,0.9763333347773913,0.9697482176698854
PUNJAB,TARN TARAN,611969.0,597379.0,305498.0,295582.0,917467.0,892961.0,0.9761589230827051,0.9675415223667585,0.973289502510717
RAJASTHAN,AJMER,1279320.0,1225354.0,306053.0,301798.0,1585373.0,1527152.0,0.957816652596692,0.9860971792467318,0.9632761501552001
RAJASTHAN,ALWAR,2280172.0,1737596.0,848708.0,666267.0,3128880.0,2403863.0,0.7620460210896371,0.7850367853254594,0.7682822607450589
RAJASTHAN,BANSWARA,330303.0,264310.0,1371217.0,1214695.0,1701520.0,1479005.0,0.8002046605692349,0.8858517652567026,0.8692257510931403
RAJASTHAN,BARAN,491039.0,467871.0,358961.0,343096.0,850000.0,810967.0,0.9528184115721969,0.9558029980972863,0.9540788235294118
RAJASTHAN,BARMER,1723311.0,379253.0,492282.0,130737.0,2215593.0,509990.0,0.22007229107224408,0.2655733908613356,0.23018216793427312
RAJASTHAN,BHARATPUR,1592089.0,724075.0,488393.0,242369.0,2080482.0,966444.0,0.4547955547711215,0.496258136377876,0.4645288928238745
RAJASTHAN,BHILWARA,1378728.0,955609.0,515207.0,385368.0,1893935.0,1340977.0,0.6931091556855304,0.7479867315467376,0.7080374986469968
RAJASTHAN,BIKANER,1275322.0,987467.0,417731.0,329777.0,1693053.0,1317244.0,0.7742883757984258,0.78944823343252,0.7780288035873656
RAJASTHAN,BUNDI,465707.0,438190.0,336071.0,307998.0,801778.0,746188.0,0.9409134928184459,0.9164670560685093,0.9306665934959553
RAJASTHAN,CHITTAURGARH,1076023.0,864472.0,686168.0,601572.0,1762191.0,1466044.0,0.803395466453784,0.8767124086229612,0.8319438698756264
RAJASTHAN,CHURU,1096564.0,954491.0,358993.0,308323.0,1455557.0,1262814.0,0.8704380227693048,0.858855186591382,0.8675812764460615
RAJASTHAN,DAUSA,755965.0,709045.0,766274.0,720362.0,1522239.0,1429407.0,0.9379336344936604,0.9400840952453039,0.9390161466103549
RAJASTHAN,DHAULPUR,761238.0,565256.0,270794.0,197578.0,1032032.0,762834.0,0.742548322600816,0.7296247331920205,0.7391573129515364
RAJASTHAN,DUNGARPUR,343606.0,307753.0,896797.0,766328.0,1240403.0,1074081.0,0.8956566532598383,0.8545166854929265,0.8659129331354407
RAJASTHAN,GANGANAGAR,980670.0,872852.0,615174.0,555864.0,1595844.0,1428716.0,0.8900567979034741,0.9035882530796165,0.8952729715435844
RAJASTHAN,HANUMANGARH,999976.0,858240.0,408315.0,332726.0,1408291.0,1190966.0,0.8582605982543581,0.8148757699325276,0.8456817518538428
RAJASTHAN,JAIPUR,2060491.0,1766834.0,804061.0,686923.0,2864552.0,2453757.0,0.8574820273420267,0.8543170232109255,0.8565936313950663
RAJASTHAN,JAISALMER,468126.0,143906.0,124154.0,44246.0,592280.0,188152.0,0.3074086891136147,0.35637997970262736,0.3176740730735463
RAJASTHAN,JALOR,1189484.0,800646.0,439565.0,314265.0,1629049.0,1114911.0,0.6731036314906296,0.714945457440879,0.6843937782104774
RAJASTHAN,JHALAWAR,848866.0,660684.0,355591.0,297578.0,1204457.0,958262.0,0.7783136561011985,0.8368547010469893,0.7955966879681051
RAJASTHAN,JHUNJHUNUN,1438719.0,1006248.0,328534.0,224365.0,1767253.0,1230613.0,0.6994055128207801,0.6829277943835341,0.6963422894175311
RAJASTHAN,JODHPUR,1957166.0,812130.0,507040.0,227899.0,2464206.0,1040029.0,0.41495202757456445,0.4494694698643105,0.42205440616571827
RAJASTHAN,KARAULI,649376.0,398663.0,627485.0,402523.0,1276861.0,801186.0,0.6139170526782635,0.6414862506673467,0.627465323163602
RAJASTHAN,KOTA,525446.0,384573.0,317149.0,232534.0,842595.0,617107.0,0.7318982350231993,0.7332011136721226,0.7323886327357746
RAJASTHAN,NAGAUR,2183711.0,1366325.0,596081.0,415506.0,2779792.0,1781831.0,0.6256894799723957,0.6970629830509611,0.6409943621681047
RAJASTHAN,PALI,1280628.0,1026549.0,422372.0,332745.0,1703000.0,1359294.0,0.8015981221713097,0.7878008011894728,0.7981761597181445
RAJASTHAN,RAJSAMAND,719100.0,599791.0,263868.0,207485.0,982968.0,807276.0,0.8340856626338479,0.7863211908984795,0.8212637644358718
RAJASTHAN,SAWAI MADHOPUR,591667.0,509627.0,497175.0,422572.0,1088842.0,932199.0,0.8613409231882123,0.849946196007442,0.8561379887991095
RAJASTHAN,SIKAR,1794409.0,1541144.0,419397.0,357735.0,2213806.0,1898879.0,0.8588588220411288,0.8529746278585684,0.8577440841699769
RAJASTHAN,SIROHI,467512.0,444746.0,417586.0,397822.0,885098.0,842568.0,0.9513039237495509,0.952670827087115,0.951948823746071
RAJASTHAN,TONK,719448.0,643023.0,395396.0,353684.0,1114844.0,996707.0,0.8937727257564132,0.8945057613127093,0.8940327077151602
RAJASTHAN,UDAIPUR,979272.0,775162.0,1635868.0,1300515.0,2615140.0,2075677.0,0.7915696558259605,0.794999963322224,0.7937154416207163
SIKKIM,EAST,172071.0,157768.0,54972.0,51190.0,227043.0,208958.0,0.9168773355184778,0.9312013388634214,0.9203454852164568
SIKKIM,NORTH,19568.0,16882.0,24022.0,20988.0,43590.0,37870.0,0.8627350776778414,0.8736991091499459,0.8687772424868089
SIKKIM,SOUTH,108379.0,80479.0,27246.0,23924.0,135625.0,104403.0,0.742570055084472,0.8780738457021214,0.7697917050691244
SIKKIM,WEST,102383.0,80027.0,32207.0,27084.0,134590.0,107111.0,0.7816434368987039,0.8409352004222684,0.795831785422394
TAMIL NADU,ARIYALUR,449443.0,444889.0,142049.0,140929.0,591492.0,585818.0,0.9898674581648841,0.9921153967996958,0.9904073089745931
TAMIL NADU,COIMBATORE,734794.0,676767.0,214671.0,198313.0,949465.0,875080.0,0.9210295674706108,0.923799674851284,0.921655879890254
TAMIL NADU,CUDDALORE,987308.0,956964.0,504158.0,495013.0,1491466.0,1451977.0,0.9692659230959336,0.9818608452112235,0.9735233656013613
TAMIL NADU,DHARMAPURI,848169.0,833597.0,206702.0,200690.0,1054871.0,1034287.0,0.9828194616874703,0.9709146500759548,0.9804867135412766
TAMIL NADU,DINDIGUL,999878.0,874691.0,305052.0,270276.0,1304930.0,1144967.0,0.8747977253224893,0.8859997639746666,0.8774164131409348
TAMIL NADU,ERODE,913097.0,866889.0,226347.0,218405.0,1139444.0,1085294.0,0.9493942045587709,0.9649122807017544,0.9524768220289895
TAMIL NADU,KANCHIPURAM,953866.0,833744.0,572051.0,496407.0,1525917.0,1330151.0,0.8740682653538338,0.8677670347573905,0.8717059971151773
TAMIL NADU,KANNIYAKUMARI,542278.0,484274.0,29052.0,25746.0,571330.0,510020.0,0.8930364130575092,0.8862040479140851,0.8926889888505767
TAMIL NADU,KARUR,453685.0,412694.0,142149.0,123991.0,595834.0,536685.0,0.9096487651123577,0.8722607967695868,0.9007290621213291
TAMIL NADU,KRISHNAGIRI,1070659.0,1034022.0,214245.0,206409.0,1284904.0,1240431.0,0.9657808882193116,0.9634250507596444,0.9653880756850317
TAMIL NADU,MADURAI,834983.0,817475.0,221400.0,218611.0,1056383.0,1036086.0,0.979031908434064,0.9874028906955736,0.9807863246568717
TAMIL NADU,NAGAPATTINAM,733021.0,658177.0,387174.0,350364.0,1120195.0,1008541.0,0.897896513196757,0.9049264671697996,0.9003262824776044
TAMIL NADU,NAMAKKAL,699837.0,655717.0,279085.0,251285.0,978922.0,907002.0,0.9369567485000079,0.9003887704462799,0.9265314294703766
TAMIL NADU,NILGIRIS,201323.0,192332.0,111732.0,109316.0,313055.0,301648.0,0.9553404231011856,0.9783768302724376,0.9635623133315232
TAMIL NADU,PERAMBALUR,272050.0,268904.0,125897.0,125285.0,397947.0,394189.0,0.9884359492740306,0.995138883372916,0.9905565313973972
TAMIL NADU,PUDUKKOTTAI,970038.0,927767.0,220811.0,211990.0,1190849.0,1139757.0,0.9564233566107719,0.9600518090131379,0.9570961557678598
TAMIL NADU,RAMANATHAPURAM,669705.0,663624.0,178704.0,175226.0,848409.0,838850.0,0.9909198826348915,0.9805376488494941,0.9887330285275144
TAMIL NADU,SALEM,1287351.0,1233649.0,391099.0,382163.0,1678450.0,1615812.0,0.9582848811241068,0.977151565204718,0.9626810450117668
TAMIL NADU,SIVAGANGA,651638.0,605347.0,167773.0,156345.0,819411.0,761692.0,0.9289620924501026,0.9318841529924362,0.9295603793456519
TAMIL NADU,THANJAVUR,1154497.0,1108059.0,334263.0,319769.0,1488760.0,1427828.0,0.9597764221128335,0.9566389340130377,0.9590719793653779
TAMIL NADU,THENI,369317.0,341016.0,117876.0,108804.0,487193.0,449820.0,0.9233693547819353,0.9230377685024942,0.9232891277173523
TAMIL NADU,THOOTHUKUDI,649619.0,596230.0,207713.0,188755.0,857332.0,784985.0,0.9178149038128502,0.9087298339535802,0.9156137878908054
TAMIL NADU,TIRUCHIRAPPALLI,1005053.0,878616.0,275860.0,245410.0,1280913.0,1124026.0,0.8741986740997738,0.889617922134416,0.8775193943694849
TAMIL NADU,TIRUNELVELI,1091918.0,1028198.0,287013.0,272088.0,1378931.0,1300286.0,0.9416439696021129,0.9479988711312728,0.942966689413756
TAMIL NADU,TIRUPPUR,708621.0,648658.0,231508.0,207270.0,940129.0,855928.0,0.9153807183247462,0.8953038339927778,0.9104367592107041
TAMIL NADU,TIRUVALLUR,808279.0,777292.0,419144.0,399233.0,1227423.0,1176525.0,0.9616629901308831,0.9524960395472678,0.9585326330042699
TAMIL NADU,TIRUVANNAMALAI,1271270.0,1183859.0,467163.0,438284.0,1738433.0,1622143.0,0.9312411997451367,0.9381821762425534,0.933106424003686
TAMIL NADU,TIRUVARUR,603963.0,556729.0,353405.0,320118.0,957368.0,876847.0,0.9217932224325001,0.9058106138849196,0.9158933659783908
TAMIL NADU,VELLORE,1587418.0,1374336.0,558948.0,489040.0,2146366.0,1863376.0,0.8657681845613443,0.8749293315299456,0.8681538936043527
TAMIL NADU,VILLUPURAM,1688204.0,1602943.0,786229.0,747301.0,2474433.0,2350244.0,0.9494960324700096,0.9504877077797944,0.9498111284484163
TAMIL NADU,VIRUDHUNAGAR,831765.0,807074.0,249115.0,244761.0,1080880.0,1051835.0,0.9703149327033477,0.9825221283343034,0.9731283768780993
TRIPURA,DHALAI  ,82238.0,60087.0,236907.0,158057.0,319145.0,218144.0,0.7306476324813347,0.6671689734790445,0.6835262968243275
TRIPURA,GOMATI,136380.0,129808.0,243299.0,192454.0,379679.0,322262.0,0.9518111159994134,0.79101845876884,0.8487748861538299
TRIPURA,KHOWAI,93427.0,70196.0,192470.0,136983.0,285897.0,207179.0,0.7513459706508825,0.7117109159869071,0.7246630779616435
TRIPURA,NORTH TRIPURA,174085.0,148635.0,188800.0,137410.0,362885.0,286045.0,0.8538070482810122,0.7278072033898305,0.7882524766799399
TRIPURA,SEPAHIJALA,251302.0,192748.0,198734.0,122673.0,450036.0,315421.0,0.7669974771390597,0.6172723338734187,0.7008794851967398
TRIPURA,SOUTH TRIPURA,192936.0,177161.0,200263.0,152813.0,393199.0,329974.0,0.9182371356304682,0.7630615740301504,0.839203558503455
TRIPURA,UNAKOTI,128481.0,119627.0,91844.0,80676.0,220325.0,200303.0,0.9310870868066096,0.8784025086015418,0.9091251560195166
TRIPURA,WEST TRIPURA,166882.0,141890.0,234892.0,168168.0,401774.0,310058.0,0.8502414879975072,0.7159375372511623,0.7717224111067416
UTTAR PRADESH,AGRA,1937930.0,1781298.0,525350.0,483259.0,2463280.0,2264557.0,0.9191756152182999,0.9198800799467022,0.9193258582053198
UTTAR PRADESH,ALIGARH,1861127.0,1861127.0,562596.0,562596.0,2423723.0,2423723.0,1.0,1.0,1.0
UTTAR PRADESH,ALLAHABAD,3409188.0,3375920.0,1111581.0,1041202.0,4520769.0,4417122.0,0.9902416645840593,0.936685675627777,0.9770731483957708
UTTAR PRADESH,AMBEDKAR NAGAR,1628870.0,1614879.0,568852.0,534941.0,2197722.0,2149820.0,0.9914106098092542,0.940386954779099,0.978203794656467
UTTAR PRADESH,AURAIYA,782307.0,782307.0,329344.0,329344.0,1111651.0,1111651.0,1.0,1.0,1.0
UTTAR PRADESH,AZAMGARH,3211378.0,3204367.0,1177850.0,1058371.0,4389228.0,4262738.0,0.9978168250514265,0.8985617863055567,0.9711817203389753
UTTAR PRADESH,BAGHPAT,897465.0,897465.0,118521.0,118521.0,1015986.0,1015986.0,1.0,1.0,1.0
UTTAR PRADESH,BAHRAICH,2225099.0,2224154.0,433161.0,432106.0,2658260.0,2656260.0,0.9995752997956495,0.997564416002364,0.9992476281477357
UTTAR PRADESH,BALLIA,2430094.0,2425982.0,494309.0,475231.0,2924403.0,2901213.0,0.9983078843863653,0.9614047083909053,0.99207017637446
UTTAR PRADESH,BALRAMPUR,1554688.0,1554688.0,283239.0,283239.0,1837927.0,1837927.0,1.0,1.0,1.0
UTTAR PRADESH,BANDA,1138178.0,1138178.0,316717.0,316717.0,1454895.0,1454895.0,1.0,1.0,1.0
UTTAR PRADESH,BARABANKI,2089564.0,2069797.0,844287.0,822096.0,2933851.0,2891893.0,0.9905401318169723,0.9737162836807862,0.9856986602250762
UTTAR PRADESH,BAREILLY,2505915.0,2505915.0,449097.0,449097.0,2955012.0,2955012.0,1.0,1.0,1.0
UTTAR PRADESH,BASTI,1830129.0,1825295.0,495309.0,488624.0,2325438.0,2313919.0,0.9973586561384471,0.9865033746610702,0.9950465245687049
UTTAR PRADESH,BIJNOR,2168215.0,2145999.0,736471.0,712208.0,2904686.0,2858207.0,0.9897537836423048,0.9670550503685821,0.9839986146523239
UTTAR PRADESH,BUDAUN,2450881.0,2450881.0,551593.0,551593.0,3002474.0,3002474.0,1.0,1.0,1.0
UTTAR PRADESH,BULANDSHAHR,2019909.0,2019909.0,591029.0,591029.0,2610938.0,2610938.0,1.0,1.0,1.0
UTTAR PRADESH,CHANDAULI,1339994.0,1334690.0,451850.0,435995.0,1791844.0,1770685.0,0.9960417733213731,0.9649109217660728,0.9881914943488384
UTTAR PRADESH,CHATRAPTI SHAHU JI NAGAR,1657300.0,1640801.0,603053.0,579895.0,2260353.0,2220696.0,0.9900446509382731,0.9615987317864267,0.9824553952413627
UTTAR PRADESH,CHITRAKOOT,640911.0,639498.0,239929.0,238181.0,880840.0,877679.0,0.997795325716051,0.9927145113762822,0.9964113800463195
UTTAR PRADESH,DEORIA,2376973.0,2372272.0,556173.0,549414.0,2933146.0,2921686.0,0.9980222745483436,0.9878473065035519,0.9960929322986309
UTTAR PRADESH,ETAH,1311233.0,1311233.0,266598.0,266598.0,1577831.0,1577831.0,1.0,1.0,1.0
UTTAR PRADESH,ETAWAH,857430.0,857430.0,294817.0,294817.0,1152247.0,1152247.0,1.0,1.0,1.0
UTTAR PRADESH,FAIZABAD,1630172.0,1619087.0,532847.0,517644.0,2163019.0,2136731.0,0.9932001040381015,0.9714683577086856,0.9878466162340691
UTTAR PRADESH,FARRUKHABAD,1190941.0,1190941.0,248344.0,248344.0,1439285.0,1439285.0,1.0,1.0,1.0
UTTAR PRADESH,FATEHPUR,1780289.0,1767526.0,635062.0,621444.0,2415351.0,2388970.0,0.9928309392463808,0.9785564244121047,0.9890777779295845
UTTAR PRADESH,FIROZABAD,1390554.0,1390554.0,343034.0,343034.0,1733588.0,1733588.0,1.0,1.0,1.0
UTTAR PRADESH,GAUTAM BUDDHA NAGAR,699753.0,699753.0,170786.0,170786.0,870539.0,870539.0,1.0,1.0,1.0
UTTAR PRADESH,GHAZIABAD,1425969.0,1423897.0,353372.0,352807.0,1779341.0,1776704.0,0.9985469529842514,0.9984011183681786,0.9985179906493471
UTTAR PRADESH,GHAZIPUR,2629820.0,2625258.0,751232.0,706180.0,3381052.0,3331438.0,0.9982652805134952,0.9400291787357301,0.9853258689898884
UTTAR PRADESH,GONDA,2580064.0,2569721.0,504599.0,489537.0,3084663.0,3059258.0,0.9959911847147978,0.9701505551933317,0.9917640922201226
UTTAR PRADESH,GORAKHPUR,2697007.0,2682103.0,870212.0,844460.0,3567219.0,3526563.0,0.9944738741872009,0.9704072111163716,0.9886028864502011
UTTAR PRADESH,HAMIRPUR,757379.0,757379.0,224506.0,224506.0,981885.0,981885.0,1.0,1.0,1.0
UTTAR PRADESH,HARDOI,2333223.0,2282743.0,1213379.0,1133638.0,3546602.0,3416381.0,0.978364691244686,0.9342818690615216,0.9632828831653509
UTTAR PRADESH,JALAUN,904706.0,904706.0,363367.0,363367.0,1268073.0,1268073.0,1.0,1.0,1.0
UTTAR PRADESH,JAUNPUR,3258892.0,3250794.0,970329.0,911813.0,4229221.0,4162607.0,0.9975151063613031,0.93969468087628,0.9842491087602185
UTTAR PRADESH,JHANSI,818936.0,818936.0,386068.0,386068.0,1205004.0,1205004.0,1.0,1.0,1.0
UTTAR PRADESH,JYOTIBA PHOOLE NAGAR,1119875.0,1119875.0,276793.0,276793.0,1396668.0,1396668.0,1.0,1.0,1.0
UTTAR PRADESH,KANNAUJ,1070267.0,1070267.0,260020.0,260020.0,1330287.0,1330287.0,1.0,1.0,1.0
UTTAR PRADESH,KANPUR DEHAT,1265019.0,1261478.0,432896.0,428145.0,1697915.0,1689623.0,0.9972008325566651,0.9890250776167948,0.9951163633044057
UTTAR PRADESH,KANPUR NAGAR,1127741.0,1127741.0,418313.0,418313.0,1546054.0,1546054.0,1.0,1.0,1.0
UTTAR PRADESH,KAUSHAMBI,910011.0,907814.0,541300.0,537792.0,1451311.0,1445606.0,0.997585743469035,0.9935193053759468,0.9960690713430822
UTTAR PRADESH,KHERI,2557591.0,2531414.0,1036917.0,997354.0,3594508.0,3528768.0,0.9897649780594318,0.9618455479078846,0.9817109879850038
UTTAR PRADESH,KUSHI NAGAR,2765735.0,2758642.0,622727.0,613028.0,3388462.0,3371670.0,0.9974354014394003,0.9844249566824628,0.9950443593583166
UTTAR PRADESH,Kanshiram Nagar,936488.0,936488.0,220631.0,220631.0,1157119.0,1157119.0,1.0,1.0,1.0
UTTAR PRADESH,LALITPUR,755720.0,755720.0,275319.0,275319.0,1031039.0,1031039.0,1.0,1.0,1.0
UTTAR PRADESH,LUCKNOW,978348.0,971248.0,663916.0,655565.0,1642264.0,1626813.0,0.9927428685907264,0.9874216015279041,0.990591646653644
UTTAR PRADESH,MAHAMAYA NAGAR,887682.0,887682.0,317681.0,317681.0,1205363.0,1205363.0,1.0,1.0,1.0
UTTAR PRADESH,MAHARAJGANJ,2039115.0,2034772.0,503044.0,495915.0,2542159.0,2530687.0,0.9978701544542607,0.9858282774469033,0.9954873003616218
UTTAR PRADESH,MAHOBA,464738.0,464196.0,173823.0,173604.0,638561.0,637800.0,0.9988337514900869,0.9987400976855767,0.9988082579424675
UTTAR PRADESH,MAINPURI,1264981.0,1264981.0,313847.0,313847.0,1578828.0,1578828.0,1.0,1.0,1.0
UTTAR PRADESH,MATHURA,1392981.0,1391166.0,390671.0,390223.0,1783652.0,1781389.0,0.9986970389402297,0.9988532550406864,0.9987312547514874
UTTAR PRADESH,MAU,1326063.0,1323291.0,454677.0,419313.0,1780740.0,1742604.0,0.9979096015800154,0.9222217090374045,0.978584184103238
UTTAR PRADESH,MEERUT,1373083.0,1362509.0,371172.0,364926.0,1744255.0,1727435.0,0.9922990817015431,0.983172222042611,0.9903569145566445
UTTAR PRADESH,MIRZAPUR,1591055.0,1581169.0,647065.0,627626.0,2238120.0,2208795.0,0.9937865127226903,0.969958195853585,0.9868974853895234
UTTAR PRADESH,MORADABAD,2541217.0,2537906.0,582244.0,577567.0,3123461.0,3115473.0,0.9986970809655373,0.9919672851931493,0.9974425805220555
UTTAR PRADESH,MUZAFFARNAGAR,2646311.0,2646311.0,478458.0,478458.0,3124769.0,3124769.0,1.0,1.0,1.0
UTTAR PRADESH,PILIBHIT,1372769.0,1372769.0,290397.0,290397.0,1663166.0,1663166.0,1.0,1.0,1.0
UTTAR PRADESH,PRATAPGARH,2380037.0,2364298.0,695919.0,671466.0,3075956.0,3035764.0,0.9933870775958525,0.9648622900078888,0.9869334931969118
UTTAR PRADESH,RAE BARELI,1466792.0,1424582.0,692779.0,658839.0,2159571.0,2083421.0,0.9712229136782857,0.9510089076025687,0.9647383670182643
UTTAR PRADESH,RAMPUR,1500009.0,1500009.0,288331.0,288331.0,1788340.0,1788340.0,1.0,1.0,1.0
UTTAR PRADESH,SAHARANPUR,1868038.0,1855521.0,662694.0,648068.0,2530732.0,2503589.0,0.9932993868433083,0.9779294817819386,0.9892746446482678
UTTAR PRADESH,SANT KABEER NAGAR,1225148.0,1225148.0,342762.0,342762.0,1567910.0,1567910.0,1.0,1.0,1.0
UTTAR PRADESH,SANT RAVIDAS NAGAR,1091660.0,1090211.0,330464.0,322003.0,1422124.0,1412214.0,0.9986726636498543,0.974396605984313,0.9930315499914213
UTTAR PRADESH,SHAHJAHANPUR,1990585.0,1986544.0,489466.0,484071.0,2480051.0,2470615.0,0.997969943509069,0.9889777839523072,0.9961952395333805
UTTAR PRADESH,SHRAVASTI,1124907.0,1124907.0,266989.0,266989.0,1391896.0,1391896.0,1.0,1.0,1.0
UTTAR PRADESH,SIDDHARTH NAGAR,1978785.0,1978785.0,399745.0,399745.0,2378530.0,2378530.0,1.0,1.0,1.0
UTTAR PRADESH,SITAPUR,2516645.0,2458290.0,1349409.0,1278688.0,3866054.0,3736978.0,0.9768123831529676,0.9475911306357079,0.9666129857472244
UTTAR PRADESH,SONBHADRA,781748.0,774192.0,666980.0,654329.0,1448728.0,1428521.0,0.9903344811883114,0.9810324147650604,0.9860519020823785
UTTAR PRADESH,SULTANPUR,1789926.0,1782882.0,509715.0,494062.0,2299641.0,2276944.0,0.996064641778487,0.969290682047811,0.9901301985831702
UTTAR PRADESH,UNNAO,1769158.0,1748259.0,891841.0,868521.0,2660999.0,2616780.0,0.9881870358667796,0.9738518413035507,0.9833825567014494
UTTAR PRADESH,VARANASI,1908245.0,1906090.0,413236.0,393344.0,2321481.0,2299434.0,0.9988706900843445,0.9518628580278582,0.990503045254301
UTTARAKHAND,ALMORA,506331.0,416484.0,139319.0,108996.0,645650.0,525480.0,0.822552835990686,0.7823484234024074,0.8138774878029892
UTTARAKHAND,BAGESHWAR,199177.0,171420.0,71155.0,59655.0,270332.0,231075.0,0.8606415399368401,0.8383809992270396,0.8547822677300505
UTTARAKHAND,CHAMOLI,286308.0,185482.0,77103.0,49011.0,363411.0,234493.0,0.6478407868449362,0.6356562001478542,0.6452556471873444
UTTARAKHAND,CHAMPAWAT,176929.0,153325.0,36827.0,30649.0,213756.0,183974.0,0.8665905532727818,0.832242648057132,0.8606729167836225
UTTARAKHAND,DEHRADUN,468930.0,430914.0,211077.0,197470.0,680007.0,628384.0,0.9189303307529908,0.9355353733471672,0.924084605011419
UTTARAKHAND,GARHWAL,566898.0,498746.0,110282.0,95705.0,677180.0,594451.0,0.8797808424090401,0.8678206778984785,0.8778330724475029
UTTARAKHAND,HARDWAR,824615.0,824602.0,296911.0,296911.0,1121526.0,1121513.0,0.9999842350672739,1.0,0.9999884086503568
UTTARAKHAND,NAINITAL,419006.0,335540.0,128144.0,107410.0,547150.0,442950.0,0.8007999885443168,0.8381976526407792,0.8095586219501051
UTTARAKHAND,PITHORAGARH,325747.0,302317.0,126001.0,116811.0,451748.0,419128.0,0.9280730137192361,0.927064070920072,0.9277916006268981
UTTARAKHAND,RUDRAPRAYAG,207550.0,185673.0,44302.0,40676.0,251852.0,226349.0,0.8945940737171766,0.918152679337276,0.8987381478010895
UTTARAKHAND,TEHRI GARHWAL,514352.0,353697.0,88075.0,64137.0,602427.0,417834.0,0.6876555355087567,0.7282089128583593,0.6935844508961252
UTTARAKHAND,UDHAM SINGH NAGAR,682555.0,679453.0,248862.0,247802.0,931417.0,927255.0,0.9954553112935954,0.9957406112624667,0.9955315395789426
UTTARAKHAND,UTTARKASHI,229426.0,217653.0,75508.0,71612.0,304934.0,289265.0,0.9486849790346342,0.9484028182444244,0.9486151101549843
WEST BENGAL,BANKURA,2118462.0,2065010.0,1597539.0,1561636.0,3716001.0,3626646.0,0.9747684877047594,0.9775260572668335,0.9759539892481192
WEST BENGAL,BARDHAMAN,3047781.0,3034891.0,2018719.0,2010445.0,5066500.0,5045336.0,0.9957706934979909,0.9959013612097573,0.9958227573275437
WEST BENGAL,BIRBHUM,2139119.0,2101083.0,1294956.0,1269691.0,3434075.0,3370774.0,0.9822188480397771,0.9804896845916,0.9815667974636547
WEST BENGAL,COOCHBEHAR,1261972.0,1255531.0,1467878.0,1461193.0,2729850.0,2716724.0,0.994896083272846,0.9954458068041077,0.9951916771983809
WEST BENGAL,DAKSHIN DINAJPUR,952613.0,909763.0,891458.0,854806.0,1844071.0,1764569.0,0.9550184597522814,0.9588853316701403,0.9568877770975196
WEST BENGAL,DARJEELING,932596.0,825521.0,493053.0,472533.0,1425649.0,1298054.0,0.8851860827196342,0.9583817561195247,0.9105004106901489
WEST BENGAL,HOOGHLY,2517662.0,2460087.0,1375234.0,1346800.0,3892896.0,3806887.0,0.9771315609482131,0.9793242459101505,0.9779061654870821
WEST BENGAL,HOWRAH,1988759.0,1820430.0,567281.0,522974.0,2556040.0,2343404.0,0.9153597796414749,0.9218958505573076,0.9168103785543262
WEST BENGAL,JALPAIGURI,1545080.0,1510365.0,2654102.0,2552568.0,4199182.0,4062933.0,0.977531907732933,0.961744499646208,0.9675534425514303
WEST BENGAL,MALDAH,3355016.0,3207699.0,1074354.0,992772.0,4429370.0,4200471.0,0.9560905223700871,0.9240641352850177,0.9483224476618571
WEST BENGAL,MEDINIPUR,3689245.0,3651464.0,1977102.0,1954296.0,5666347.0,5605760.0,0.9897591512626567,0.9884649350412877,0.9893075732919286
WEST BENGAL,MURSHIDABAD,6189625.0,5403063.0,956824.0,863847.0,7146449.0,6266910.0,0.8729225114607104,0.9028274792438317,0.8769264287760257
WEST BENGAL,NADIA,3346187.0,3018407.0,1718926.0,1544709.0,5065113.0,4563116.0,0.9020437291759247,0.8986477602875284,0.9008912535613717
WEST BENGAL,NORTH 24 PARAGANAS,3449249.0,3053490.0,1747280.0,1547621.0,5196529.0,4601111.0,0.8852622701347452,0.8857315370175358,0.8854200563491516
WEST BENGAL,PURBA MEDINIPUR,4251294.0,4070018.0,765718.0,735451.0,5017012.0,4805469.0,0.9573598062142962,0.9604723932309284,0.9578348626632744
WEST BENGAL,PURULIA,1713324.0,1446037.0,1044120.0,915610.0,2757444.0,2361647.0,0.8439950645645541,0.8769202773627552,0.8564623615203065
WEST BENGAL,SOUTH 24 PARAGANAS,4837240.0,4532106.0,2763939.0,2567585.0,7601179.0,7099691.0,0.9369198137781048,0.928958634760029,0.9340249716524239
WEST BENGAL,UTTAR DINAJPUR,2180685.0,2178835.0,1163915.0,1162526.0,3344600.0,3341361.0,0.9991516427177699,0.9988066138850346,0.9990315732823059
